_id,device_id,campus_id,building_id,floor_id,room_id,timestamp,confidence,rssi_vector,scan_number
c30d130d-5d5d-4709-a73a-fc8962dce8bc,Tag2,Carleton University,Canal Building,3,A2,2026-03-31T04:21:21.841162+00:00,1.0000,"{""WAP10"": -57.5, ""WAP1"": -67.0, ""WAP4"": -77.5, ""WAP6"": -55.0}",2
de6125e9-9d21-467f-a3e6-8e4e4395964f,Tag2,Carleton University,Canal Building,3,A2,2026-03-31T04:21:21.841162+00:00,1.0000,"{""WAP10"": -57.5, ""WAP1"": -67.0, ""WAP4"": -77.5, ""WAP6"": -55.0}",2
07df7329-80cf-4743-a902-0aca20db1b9a,Tag2,Carleton University,Canal Building,3,B3,2026-03-31T04:22:59.454264+00:00,0.7340,"{""WAP10"": -54.333333333333336, ""WAP1"": -62.0, ""WAP4"": -66.66666666666667, ""WAP6"": -56.666666666666664}",5
2f5b382a-301c-4388-9edc-a8b27b997441,Tag2,Carleton University,Canal Building,3,B3,2026-03-31T04:22:59.454264+00:00,0.7340,"{""WAP10"": -54.333333333333336, ""WAP1"": -62.0, ""WAP4"": -66.66666666666667, ""WAP6"": -56.666666666666664}",5
bf58f1fa-cd58-4a21-b2c9-521eb0a91b70,Tag2,Carleton University,Canal Building,3,B2,2026-03-31T04:24:12.938110+00:00,0.6290,"{""WAP10"": -52.0, ""WAP1"": -64.5, ""WAP4"": -64.0, ""WAP6"": -56.0}",7
0c8e81bc-c975-481c-b5ed-75549a9220ec,Tag2,Carleton University,Canal Building,3,B2,2026-03-31T04:24:12.938110+00:00,0.6290,"{""WAP10"": -52.0, ""WAP1"": -64.5, ""WAP4"": -64.0, ""WAP6"": -56.0}",7
f638a76d-822d-46a9-972c-df03d563eff8,Tag2,Carleton University,Canal Building,3,A1,2026-03-31T04:25:49.462261+00:00,0.6540,"{""WAP10"": -57.0, ""WAP1"": -63.666666666666664, ""WAP4"": -63.666666666666664, ""WAP6"": -51.333333333333336}",10
58ea01b9-db0e-471d-99d3-593693cf5461,Tag2,Carleton University,Canal Building,3,A1,2026-03-31T04:25:49.462261+00:00,0.6540,"{""WAP10"": -57.0, ""WAP1"": -63.666666666666664, ""WAP4"": -63.666666666666664, ""WAP6"": -51.333333333333336}",10
d101a166-7426-47d3-afad-25238e191b4e,Tag2,Carleton University,Canal Building,3,B3,2026-03-31T04:27:25.678252+00:00,0.3450,"{""WAP10"": -54.666666666666664, ""WAP1"": -65.33333333333333, ""WAP4"": -68.0, ""WAP6"": -55.666666666666664}",13
f33d2bf7-52b7-44e1-9695-1b67355fa28c,Tag2,Carleton University,Canal Building,3,B3,2026-03-31T04:27:25.678252+00:00,0.3450,"{""WAP10"": -54.666666666666664, ""WAP1"": -65.33333333333333, ""WAP4"": -68.0, ""WAP6"": -55.666666666666664}",13
d92143f5-1131-40a7-bea6-30f65c2c5688,Tag2,Carleton University,Canal Building,3,A2,2026-03-31T04:28:39.109853+00:00,1.0000,"{""WAP10"": -55.5, ""WAP1"": -65.0, ""WAP4"": -69.5, ""WAP6"": -56.0}",15
3cdcfd6c-6b18-4349-953d-5e905a4390b1,Tag2,Carleton University,Canal Building,3,A2,2026-03-31T04:28:39.109853+00:00,1.0000,"{""WAP10"": -55.5, ""WAP1"": -65.0, ""WAP4"": -69.5, ""WAP6"": -56.0}",15
af95b9e8-84fc-4acb-8720-040661924ac9,Tag2,Carleton University,Canal Building,3,A2,2026-03-31T04:30:15.502356+00:00,1.0000,"{""WAP10"": -54.333333333333336, ""WAP1"": -63.666666666666664, ""WAP4"": -70.33333333333333, ""WAP6"": -55.0}",18
39e1374f-23bd-4409-b8e0-d8dad45b925f,Tag2,Carleton University,Canal Building,3,A2,2026-03-31T04:30:15.502356+00:00,1.0000,"{""WAP10"": -54.333333333333336, ""WAP1"": -63.666666666666664, ""WAP4"": -70.33333333333333, ""WAP6"": -55.0}",18
85209a6a-bb78-43a2-bf92-a2d3518a35aa,Tag2,Carleton University,Canal Building,3,B2,2026-03-31T04:31:51.718369+00:00,0.6370,"{""WAP10"": -55.666666666666664, ""WAP1"": -65.66666666666667, ""WAP4"": -68.0, ""WAP6"": -54.0}",21
629aef91-10cb-426e-a59e-ce51b450ff3e,Tag2,Carleton University,Canal Building,3,B2,2026-03-31T04:31:51.718369+00:00,0.6370,"{""WAP10"": -55.666666666666664, ""WAP1"": -65.66666666666667, ""WAP4"": -68.0, ""WAP6"": -54.0}",21
0617cd7d-4f77-457c-ba11-72cf622bcc00,Tag2,Carleton University,Canal Building,3,B5,2026-03-31T04:33:04.978916+00:00,1.0000,"{""WAP10"": -44.0, ""WAP1"": -68.0, ""WAP4"": -71.5, ""WAP6"": -66.5}",23
48bd5c79-be87-4d85-add4-7988da325bc6,Tag2,Carleton University,Canal Building,3,B5,2026-03-31T04:33:04.978916+00:00,1.0000,"{""WAP10"": -44.0, ""WAP1"": -68.0, ""WAP4"": -71.5, ""WAP6"": -66.5}",23
94226f99-6c78-472f-b3c9-75fee5062c56,Tag2,Carleton University,Canal Building,3,B5,2026-03-31T04:34:41.419799+00:00,0.6190,"{""WAP10"": -47.0, ""WAP1"": -65.33333333333333, ""WAP4"": -70.66666666666667, ""WAP6"": -68.0}",26
a74ae96d-2b11-4eae-a382-91a7ec6f5b70,Tag2,Carleton University,Canal Building,3,B5,2026-03-31T04:34:41.419799+00:00,0.6190,"{""WAP10"": -47.0, ""WAP1"": -65.33333333333333, ""WAP4"": -70.66666666666667, ""WAP6"": -68.0}",26
a342507b-d2f7-4596-9b06-7066d3e00773,TOF_TAG_0,Carleton University,Canal Building,3,B2,2026-03-31T04:36:17.967589+00:00,1.0000,"{""WAP10"": -59.0, ""WAP1"": -64.0, ""WAP4"": -69.0, ""WAP6"": -52.0}",29
72614621-c252-4222-99ed-ce3ecb3fcb75,Tag2,Carleton University,Canal Building,3,B5,2026-03-31T04:36:17.967589+00:00,0.5980,"{""WAP10"": -46.666666666666664, ""WAP1"": -64.66666666666667, ""WAP4"": -71.66666666666667, ""WAP6"": -67.66666666666667}",29
63e2b217-9bdb-45bd-82b8-97dbef860847,Tag2,Carleton University,Canal Building,3,B5,2026-03-31T04:36:17.967589+00:00,0.5980,"{""WAP10"": -46.666666666666664, ""WAP1"": -64.66666666666667, ""WAP4"": -71.66666666666667, ""WAP6"": -67.66666666666667}",29
60edbdc5-4914-421a-ad90-f82fc15357dc,TOF_TAG_0,Carleton University,Canal Building,3,B2,2026-03-31T04:37:55.602862+00:00,1.0000,"{""WAP10"": -55.0, ""WAP1"": -64.33333333333333, ""WAP4"": -67.33333333333333, ""WAP6"": -52.333333333333336}",32
284ce3c5-b76a-49a0-9ec3-fcb2f29a12cd,Tag2,Carleton University,Canal Building,3,B5,2026-03-31T04:37:55.602862+00:00,0.6240,"{""WAP10"": -47.0, ""WAP1"": -67.0, ""WAP4"": -72.0, ""WAP6"": -66.0}",32
7d2fa4b0-e294-47e1-9e59-73efe7f87ad0,Tag2,Carleton University,Canal Building,3,B5,2026-03-31T04:37:55.602862+00:00,0.6240,"{""WAP10"": -47.0, ""WAP1"": -67.0, ""WAP4"": -72.0, ""WAP6"": -66.0}",32
74fc0b43-c955-40cc-acbe-74d095a90ac4,TOF_TAG_0,Carleton University,Canal Building,3,B2,2026-03-31T04:39:09.954965+00:00,1.0000,"{""WAP10"": -55.5, ""WAP1"": -65.5, ""WAP4"": -64.5, ""WAP6"": -49.5}",34
847afd62-ddb2-4dfc-a66c-9a482d0b2592,Tag2,Carleton University,Canal Building,3,B5,2026-03-31T04:39:09.954965+00:00,0.6410,"{""WAP10"": -45.0, ""WAP1"": -66.0, ""WAP4"": -72.5, ""WAP6"": -67.0}",34
62b4aba2-ecb5-4ac4-8cfc-92ac54160055,Tag2,Carleton University,Canal Building,3,B5,2026-03-31T04:39:09.954965+00:00,0.6410,"{""WAP10"": -45.0, ""WAP1"": -66.0, ""WAP4"": -72.5, ""WAP6"": -67.0}",34
e7ed1de9-9277-4121-8ba6-68ed0c2766a6,TOF_TAG_0,Carleton University,Canal Building,3,B2,2026-03-31T04:40:47.389142+00:00,1.0000,"{""WAP10"": -57.5, ""WAP1"": -65.0, ""WAP4"": -64.5, ""WAP6"": -53.0}",36
64a99fb8-bc39-4509-9842-3bc99309bd91,Tag2,Carleton University,Canal Building,3,B4,2026-03-31T04:40:47.389142+00:00,1.0000,"{""WAP10"": -53.0, ""WAP1"": -66.0, ""WAP4"": -69.0, ""WAP6"": -63.5}",36
f8992d53-5b02-497e-8c34-b473ea3e3060,Tag2,Carleton University,Canal Building,3,B4,2026-03-31T04:40:47.389142+00:00,1.0000,"{""WAP10"": -53.0, ""WAP1"": -66.0, ""WAP4"": -69.0, ""WAP6"": -63.5}",36
11d7051a-0ffe-4b91-a0c8-6763d31c3ee4,TOF_TAG_0,Carleton University,Canal Building,3,B2,2026-03-31T04:42:24.692538+00:00,0.6050,"{""WAP10"": -53.333333333333336, ""WAP1"": -66.33333333333333, ""WAP4"": -69.66666666666667, ""WAP6"": -51.333333333333336}",39
3c32f03a-fd7a-42cd-8632-4a364cc25e12,Tag2,Carleton University,Canal Building,3,C4,2026-03-31T04:42:24.692538+00:00,1.0000,"{""WAP10"": -57.0, ""WAP1"": -63.666666666666664, ""WAP4"": -67.0, ""WAP6"": -64.66666666666667}",39
136f4616-7841-4091-994e-601d92e04a56,Tag2,Carleton University,Canal Building,3,C4,2026-03-31T04:42:24.692538+00:00,1.0000,"{""WAP10"": -57.0, ""WAP1"": -63.666666666666664, ""WAP4"": -67.0, ""WAP6"": -64.66666666666667}",39
01af39ea-1b8c-4317-b0f4-e07c51d74c2e,TOF_TAG_0,Carleton University,Canal Building,3,B2,2026-03-31T04:44:02.057964+00:00,0.6830,"{""WAP10"": -57.666666666666664, ""WAP1"": -68.0, ""WAP4"": -67.33333333333333, ""WAP6"": -49.333333333333336}",42
78007a25-1ec3-4928-911e-f74bd487e994,Tag2,Carleton University,Canal Building,3,C2,2026-03-31T04:44:02.057964+00:00,0.7030,"{""WAP10"": -54.666666666666664, ""WAP1"": -58.333333333333336, ""WAP4"": -68.33333333333333, ""WAP6"": -52.666666666666664}",42
cfc189e9-0ecf-456a-83a5-628e9f24afb6,Tag2,Carleton University,Canal Building,3,C2,2026-03-31T04:44:02.057964+00:00,0.7030,"{""WAP10"": -54.666666666666664, ""WAP1"": -58.333333333333336, ""WAP4"": -68.33333333333333, ""WAP6"": -52.666666666666664}",42
c0d3ae7a-4aed-46c0-bcfa-75ebd1ba16e9,TOF_TAG_0,Carleton University,Canal Building,3,A2,2026-03-31T04:45:40.082853+00:00,0.3510,"{""WAP10"": -54.0, ""WAP1"": -72.0, ""WAP4"": -66.0, ""WAP6"": -55.0}",45
6807c040-7b39-48f6-a0dd-0783ef98fb64,Tag2,Carleton University,Canal Building,3,C2,2026-03-31T04:45:40.082853+00:00,0.6880,"{""WAP10"": -53.666666666666664, ""WAP1"": -57.666666666666664, ""WAP4"": -68.0, ""WAP6"": -53.666666666666664}",45
515fef9f-98b6-4d11-9567-5686ff308d65,Tag2,Carleton University,Canal Building,3,C2,2026-03-31T04:45:40.082853+00:00,0.6880,"{""WAP10"": -53.666666666666664, ""WAP1"": -57.666666666666664, ""WAP4"": -68.0, ""WAP6"": -53.666666666666664}",45
9efec9c3-0d46-4d1e-b55e-119657fa5e07,Tag2,Carleton University,Canal Building,3,C2,2026-03-31T04:47:17.791708+00:00,1.0000,"{""WAP10"": -54.333333333333336, ""WAP1"": -57.0, ""WAP4"": -67.0, ""WAP6"": -53.0}",48
668d6521-e055-4dbf-b583-482b0186afdb,Tag2,Carleton University,Canal Building,3,C2,2026-03-31T04:47:17.791708+00:00,1.0000,"{""WAP10"": -54.333333333333336, ""WAP1"": -57.0, ""WAP4"": -67.0, ""WAP6"": -53.0}",48
bdacad54-3fda-4ceb-8a35-8f5e9653f4ef,Tag2,Carleton University,Canal Building,3,B1,2026-03-31T04:48:54.023149+00:00,0.7190,"{""WAP10"": -54.666666666666664, ""WAP1"": -56.666666666666664, ""WAP4"": -67.33333333333333, ""WAP6"": -50.333333333333336}",51
b4bbbef1-54ba-4eaa-bec5-2acc1ac11fc6,Tag2,Carleton University,Canal Building,3,B1,2026-03-31T04:48:54.023149+00:00,0.7190,"{""WAP10"": -54.666666666666664, ""WAP1"": -56.666666666666664, ""WAP4"": -67.33333333333333, ""WAP6"": -50.333333333333336}",51
92e9c971-9d66-4fe1-b9ab-ed376bbc23a0,Tag2,Carleton University,Canal Building,3,C2,2026-03-31T04:50:06.689755+00:00,0.7190,"{""WAP10"": -52.5, ""WAP1"": -56.5, ""WAP4"": -67.5, ""WAP6"": -54.5}",53
81521aae-cb21-48ac-b746-a7ab3272a723,Tag2,Carleton University,Canal Building,3,C2,2026-03-31T04:50:06.689755+00:00,0.7190,"{""WAP10"": -52.5, ""WAP1"": -56.5, ""WAP4"": -67.5, ""WAP6"": -54.5}",53
091c997b-41bc-4be7-b3be-8cfb1208ec5c,Tag2,Carleton University,Canal Building,3,C2,2026-03-31T04:51:42.909439+00:00,0.6640,"{""WAP10"": -54.333333333333336, ""WAP1"": -57.0, ""WAP4"": -69.0, ""WAP6"": -55.0}",56
a74cc645-542a-4d0c-9416-f721492aa405,Tag2,Carleton University,Canal Building,3,C2,2026-03-31T04:51:42.909439+00:00,0.6640,"{""WAP10"": -54.333333333333336, ""WAP1"": -57.0, ""WAP4"": -69.0, ""WAP6"": -55.0}",56
a106f587-0b15-46a3-a981-c5a8ac9b281f,Tag2,Carleton University,Canal Building,3,C2,2026-03-31T04:52:56.041819+00:00,0.7170,"{""WAP10"": -55.0, ""WAP1"": -57.5, ""WAP4"": -68.5, ""WAP6"": -54.0}",58
75791f8a-c900-45f5-b34c-8125f02266ec,Tag2,Carleton University,Canal Building,3,C2,2026-03-31T04:52:56.041819+00:00,0.7170,"{""WAP10"": -55.0, ""WAP1"": -57.5, ""WAP4"": -68.5, ""WAP6"": -54.0}",58
d818b754-1aa2-48a4-a651-788979c3ecbf,Tag2,Carleton University,Canal Building,3,C2,2026-03-31T04:54:32.251818+00:00,0.6480,"{""WAP10"": -55.333333333333336, ""WAP1"": -57.333333333333336, ""WAP4"": -69.33333333333333, ""WAP6"": -55.333333333333336}",61
86dc1470-710a-4276-8781-d57ef937905b,Tag2,Carleton University,Canal Building,3,C2,2026-03-31T04:54:32.251818+00:00,0.6480,"{""WAP10"": -55.333333333333336, ""WAP1"": -57.333333333333336, ""WAP4"": -69.33333333333333, ""WAP6"": -55.333333333333336}",61
2ef84028-e064-4657-ae09-1c87b67ba5c4,Tag2,Carleton University,Canal Building,3,B3,2026-03-31T04:56:08.280003+00:00,0.3830,"{""WAP10"": -57.0, ""WAP1"": -60.0, ""WAP4"": -67.66666666666667, ""WAP6"": -57.666666666666664}",64
876da9aa-6deb-45fa-8d8f-00aa78d78531,Tag2,Carleton University,Canal Building,3,B3,2026-03-31T04:56:08.280003+00:00,0.3830,"{""WAP10"": -57.0, ""WAP1"": -60.0, ""WAP4"": -67.66666666666667, ""WAP6"": -57.666666666666664}",64
c436679e-dcad-4f6b-aca4-773f6731bbd7,Tag2,Carleton University,Canal Building,3,B3,2026-03-31T04:57:21.397412+00:00,0.4180,"{""WAP10"": -56.5, ""WAP1"": -61.5, ""WAP4"": -65.0, ""WAP6"": -58.0}",66
268c741c-3c96-4fec-82ba-ea360395e561,Tag2,Carleton University,Canal Building,3,B3,2026-03-31T04:57:21.397412+00:00,0.4180,"{""WAP10"": -56.5, ""WAP1"": -61.5, ""WAP4"": -65.0, ""WAP6"": -58.0}",66
dbe97409-3043-4c76-9f9e-63f2f869ee4b,Tag2,Carleton University,Canal Building,3,B3,2026-03-31T04:58:57.727609+00:00,0.7250,"{""WAP10"": -56.0, ""WAP1"": -61.0, ""WAP4"": -65.66666666666667, ""WAP6"": -57.666666666666664}",69
3fafc82a-68bb-4319-88fa-280636055ca0,Tag2,Carleton University,Canal Building,3,B3,2026-03-31T04:58:57.727609+00:00,0.7250,"{""WAP10"": -56.0, ""WAP1"": -61.0, ""WAP4"": -65.66666666666667, ""WAP6"": -57.666666666666664}",69
9938e105-e688-41ff-8048-036481bc7b0f,Tag2,Carleton University,Canal Building,3,B3,2026-03-31T05:28:41.855061+00:00,0.5160,"{""WAP1"": -61.0, ""WAP4"": -64.5, ""WAP6"": -55.5, ""WAP10"": -55.5}",2
77343ac3-06f9-4757-86b0-87ddda6f968b,Tag2,Carleton University,Canal Building,3,B3,2026-03-31T05:28:41.855061+00:00,0.5160,"{""WAP1"": -61.0, ""WAP4"": -64.5, ""WAP6"": -55.5, ""WAP10"": -55.5}",2
266a41ea-92b7-4497-baf8-6302912afa6a,Tag2,Carleton University,Canal Building,3,B2,2026-03-31T05:30:20.628459+00:00,1.0000,"{""WAP1"": -62.666666666666664, ""WAP4"": -68.66666666666667, ""WAP6"": -47.333333333333336, ""WAP10"": -56.0}",5
41cb7285-2de9-4147-b841-d7a56da85a11,Tag2,Carleton University,Canal Building,3,B2,2026-03-31T05:30:20.628459+00:00,1.0000,"{""WAP1"": -62.666666666666664, ""WAP4"": -68.66666666666667, ""WAP6"": -47.333333333333336, ""WAP10"": -56.0}",5
a0305bf0-15eb-4e69-8c07-94ba9e691846,Tag2,Carleton University,Canal Building,3,A2,2026-03-31T18:08:20.660743+00:00,0.5950,"{""WAP6"": -53.0, ""WAP4"": -67.0, ""WAP1"": -61.0, ""WAP10"": -51.0}",1
f40a9586-52af-4e5c-941c-dfc62e370b1f,Tag2,Carleton University,Canal Building,3,A2,2026-03-31T18:08:20.660743+00:00,0.5950,"{""WAP6"": -53.0, ""WAP4"": -67.0, ""WAP1"": -61.0, ""WAP10"": -51.0}",1
67e1b207-5f84-4bd0-9e3c-7903d96246e4,Tag2,Carleton University,Canal Building,3,B3,2026-03-31T18:10:01.263474+00:00,0.4500,"{""WAP6"": -53.333333333333336, ""WAP4"": -64.66666666666667, ""WAP1"": -59.666666666666664, ""WAP10"": -51.666666666666664}",4
fed191bd-8cf0-4f91-a65e-96acea4cd541,Tag2,Carleton University,Canal Building,3,B3,2026-03-31T18:10:01.263474+00:00,0.4500,"{""WAP6"": -53.333333333333336, ""WAP4"": -64.66666666666667, ""WAP1"": -59.666666666666664, ""WAP10"": -51.666666666666664}",4
74637f4d-1fe9-4dcb-91e9-34249e0e3516,Tag2,Carleton University,Canal Building,3,B3,2026-03-31T18:11:19.014214+00:00,0.5210,"{""WAP6"": -53.0, ""WAP4"": -65.0, ""WAP1"": -60.0, ""WAP10"": -52.0}",6
37db9fc1-a5be-45c4-a821-0133338aea32,Tag2,Carleton University,Canal Building,3,B3,2026-03-31T18:11:19.014214+00:00,0.5210,"{""WAP6"": -53.0, ""WAP4"": -65.0, ""WAP1"": -60.0, ""WAP10"": -52.0}",6
39d6a6ca-89bb-4486-983e-c64ffc47bccb,Tag2,Carleton University,Canal Building,3,C2,2026-03-31T18:12:36.266097+00:00,1.0000,"{""WAP6"": -53.5, ""WAP4"": -64.0, ""WAP1"": -57.5, ""WAP10"": -52.5}",8
d565710d-dcc6-4626-80ed-21f2aeebe008,Tag2,Carleton University,Canal Building,3,C2,2026-03-31T18:12:36.266097+00:00,1.0000,"{""WAP6"": -53.5, ""WAP4"": -64.0, ""WAP1"": -57.5, ""WAP10"": -52.5}",8
e797926e-8d98-4050-b086-8f5d3f57d228,Tag2,Carleton University,Canal Building,3,C2,2026-03-31T18:13:55.048485+00:00,1.0000,"{""WAP6"": -51.0, ""WAP4"": -64.0, ""WAP1"": -57.0, ""WAP10"": -51.5}",10
a86f314d-3cf8-4cdf-8018-4f996c13b830,Tag2,Carleton University,Canal Building,3,C2,2026-03-31T18:13:55.048485+00:00,1.0000,"{""WAP6"": -51.0, ""WAP4"": -64.0, ""WAP1"": -57.0, ""WAP10"": -51.5}",10
9e0ca9ed-5e29-4554-a553-423ffc1f3acf,Tag2,Carleton University,Canal Building,3,A7,2026-03-31T21:47:51.280722+00:00,1.0000,"{""WAP1"": -45.5, ""WAP10"": -65.5, ""WAP6"": -70.0, ""WAP4"": -64.5}",2
ada17373-ff1f-4eff-b3c8-0691f2dd985b,Tag2,Carleton University,Canal Building,3,A7,2026-03-31T21:47:51.280722+00:00,1.0000,"{""WAP1"": -45.5, ""WAP10"": -65.5, ""WAP6"": -70.0, ""WAP4"": -64.5}",2
30358901-40c4-421c-b0e7-9b1c3db39478,Tag2,Carleton University,Canal Building,3,A7,2026-03-31T21:49:31.756835+00:00,1.0000,"{""WAP1"": -49.666666666666664, ""WAP10"": -66.33333333333333, ""WAP6"": -71.33333333333333, ""WAP4"": -64.33333333333333}",5
6bcfc3c8-f77d-4de2-8ea1-b2c1d6de7d33,Tag2,Carleton University,Canal Building,3,A7,2026-03-31T21:49:31.756835+00:00,1.0000,"{""WAP1"": -49.666666666666664, ""WAP10"": -66.33333333333333, ""WAP6"": -71.33333333333333, ""WAP4"": -64.33333333333333}",5
2e4021c5-4281-4351-a93f-4017bc7e50c1,Tag2,Carleton University,Canal Building,3,A7,2026-03-31T21:51:08.823673+00:00,1.0000,"{""WAP1"": -44.0, ""WAP10"": -68.0, ""WAP6"": -72.33333333333333, ""WAP4"": -64.66666666666667}",8
38e7024f-e04e-437a-8cc8-42f8f5348a79,Tag2,Carleton University,Canal Building,3,A7,2026-03-31T21:51:08.823673+00:00,1.0000,"{""WAP1"": -44.0, ""WAP10"": -68.0, ""WAP6"": -72.33333333333333, ""WAP4"": -64.66666666666667}",8
c6728281-c4ae-496b-96de-258bc166aa65,Tag2,Carleton University,Canal Building,3,A7,2026-03-31T21:52:46.613494+00:00,1.0000,"{""WAP1"": -46.666666666666664, ""WAP10"": -66.0, ""WAP6"": -65.66666666666667, ""WAP4"": -64.0}",11
dc690bc6-06ed-47a6-8171-3b9ae13d10d4,Tag2,Carleton University,Canal Building,3,A7,2026-03-31T21:52:46.613494+00:00,1.0000,"{""WAP1"": -46.666666666666664, ""WAP10"": -66.0, ""WAP6"": -65.66666666666667, ""WAP4"": -64.0}",11
2d69daea-a910-4a75-8e48-1e4d4844a43a,Tag2,Carleton University,Canal Building,3,A7,2026-03-31T21:54:24.805348+00:00,1.0000,"{""WAP1"": -47.333333333333336, ""WAP10"": -66.66666666666667, ""WAP6"": -67.66666666666667, ""WAP4"": -65.33333333333333}",14
8d691589-ff2a-4539-b3ad-41c405ec138d,Tag2,Carleton University,Canal Building,3,A7,2026-03-31T21:54:24.805348+00:00,1.0000,"{""WAP1"": -47.333333333333336, ""WAP10"": -66.66666666666667, ""WAP6"": -67.66666666666667, ""WAP4"": -65.33333333333333}",14
2fef0651-614f-4d82-8618-f2d7e9b40cf9,Tag2,Carleton University,Canal Building,3,A7,2026-03-31T21:56:02.517026+00:00,1.0000,"{""WAP1"": -46.333333333333336, ""WAP10"": -65.66666666666667, ""WAP6"": -70.66666666666667, ""WAP4"": -65.0}",17
d7f108c2-25c1-4a60-9792-4454a11a653b,Tag2,Carleton University,Canal Building,3,A7,2026-03-31T21:56:02.517026+00:00,1.0000,"{""WAP1"": -46.333333333333336, ""WAP10"": -65.66666666666667, ""WAP6"": -70.66666666666667, ""WAP4"": -65.0}",17
37d3ac61-3198-4580-9974-675bb0d9aeec,Tag2,Carleton University,Canal Building,3,A7,2026-03-31T21:57:39.991925+00:00,1.0000,"{""WAP1"": -46.666666666666664, ""WAP10"": -66.0, ""WAP6"": -70.0, ""WAP4"": -65.66666666666667}",20
d897ed69-7790-4813-a533-56becee1e703,Tag2,Carleton University,Canal Building,3,A7,2026-03-31T21:57:39.991925+00:00,1.0000,"{""WAP1"": -46.666666666666664, ""WAP10"": -66.0, ""WAP6"": -70.0, ""WAP4"": -65.66666666666667}",20
0a98385a-6e52-41a9-86d8-ea9df82644b3,Tag2,Carleton University,Canal Building,3,A7,2026-03-31T21:59:17.188970+00:00,1.0000,"{""WAP1"": -52.0, ""WAP10"": -66.33333333333333, ""WAP6"": -66.33333333333333, ""WAP4"": -66.0}",23
7fbd2c3d-18a5-4d06-9f48-ec9eb1caa6c3,Tag2,Carleton University,Canal Building,3,A7,2026-03-31T21:59:17.188970+00:00,1.0000,"{""WAP1"": -52.0, ""WAP10"": -66.33333333333333, ""WAP6"": -66.33333333333333, ""WAP4"": -66.0}",23
7a576b92-2009-4806-abc4-c5bea0773629,Tag2,Carleton University,Canal Building,3,A7,2026-03-31T22:00:55.584271+00:00,1.0000,"{""WAP1"": -47.666666666666664, ""WAP10"": -65.33333333333333, ""WAP6"": -65.33333333333333, ""WAP4"": -61.333333333333336}",26
2e2df1b0-f8db-4dce-8b34-90c5c59a1ff6,Tag2,Carleton University,Canal Building,3,A7,2026-03-31T22:00:55.584271+00:00,1.0000,"{""WAP1"": -47.666666666666664, ""WAP10"": -65.33333333333333, ""WAP6"": -65.33333333333333, ""WAP4"": -61.333333333333336}",26
467d8f70-ddac-41fa-83ca-41c6e40acac9,Tag2,Carleton University,Canal Building,3,B3,2026-04-01T03:12:32.029508+00:00,1.0000,"{""WAP4"": -65.0, ""WAP10"": -44.0, ""WAP1"": -61.0, ""WAP6"": -56.0}",1
0231be30-5237-404e-9b33-3db1f24fb254,Tag3,Carleton University,Canal Building,3,A4,2026-04-01T03:12:32.029508+00:00,0.6950,"{""WAP4"": -59.0, ""WAP10"": -49.0, ""WAP1"": -57.0, ""WAP6"": -61.0}",1
c0911355-f3f3-4053-9c0e-919362856067,Tag2,Carleton University,Canal Building,3,B3,2026-04-01T03:12:32.029508+00:00,1.0000,"{""WAP4"": -65.0, ""WAP10"": -44.0, ""WAP1"": -61.0, ""WAP6"": -56.0}",1
659ae121-d8d2-4f4b-9493-843d12cb0f1e,Tag1,Carleton University,Canal Building,3,A2,2026-04-01T03:12:32.029508+00:00,0.3560,"{""WAP4"": -64.0, ""WAP10"": -50.0, ""WAP1"": -60.0, ""WAP6"": -56.0}",1
0e664f4e-83e2-4fd9-95aa-e883209133d3,Tag2,Carleton University,Canal Building,3,A4,2026-04-01T03:14:26.067456+00:00,0.6870,"{""WAP4"": -65.0, ""WAP10"": -47.333333333333336, ""WAP1"": -60.666666666666664, ""WAP6"": -58.666666666666664}",4
e90ac3e4-2d8d-4c12-af89-9a1a8269ec0c,Tag3,Carleton University,Canal Building,3,A4,2026-04-01T03:14:26.067456+00:00,0.3680,"{""WAP4"": -60.0, ""WAP10"": -55.333333333333336, ""WAP1"": -58.333333333333336, ""WAP6"": -60.0}",4
eb759f44-e43e-4a1d-ac75-71ba9ea6d354,Tag2,Carleton University,Canal Building,3,A4,2026-04-01T03:14:26.067456+00:00,0.6870,"{""WAP4"": -65.0, ""WAP10"": -47.333333333333336, ""WAP1"": -60.666666666666664, ""WAP6"": -58.666666666666664}",4
909144b9-e5cf-4ef5-be19-7401d31641c1,Tag1,Carleton University,Canal Building,3,B3,2026-04-01T03:14:26.067456+00:00,0.6670,"{""WAP4"": -63.666666666666664, ""WAP10"": -54.333333333333336, ""WAP1"": -60.0, ""WAP6"": -57.333333333333336}",4
bb0d62af-08bd-468b-868a-7a77f71a7fec,Tag2,Carleton University,Canal Building,3,B5,2026-04-01T03:16:13.896486+00:00,1.0000,"{""WAP4"": -68.0, ""WAP10"": -45.0, ""WAP1"": -63.5, ""WAP6"": -65.5}",6
811f19d9-c57e-4f46-8661-ec24f0e5924b,Tag3,Carleton University,Canal Building,3,A4,2026-04-01T03:16:13.896486+00:00,0.3700,"{""WAP4"": -59.0, ""WAP10"": -54.5, ""WAP1"": -56.5, ""WAP6"": -60.5}",6
ee455394-9901-4807-bdb7-c68bdb8a5dbb,Tag2,Carleton University,Canal Building,3,B5,2026-04-01T03:16:13.896486+00:00,1.0000,"{""WAP4"": -68.0, ""WAP10"": -45.0, ""WAP1"": -63.5, ""WAP6"": -65.5}",6
96b007e8-42f5-4bb8-bc8e-f0206ea801a8,Tag1,Carleton University,Canal Building,3,C5,2026-04-01T03:16:13.896486+00:00,0.3620,"{""WAP4"": -63.0, ""WAP10"": -54.5, ""WAP1"": -59.0, ""WAP6"": -59.5}",6
890d1dda-efc5-4f37-8ad3-9bcd21660b1c,Tag2,Carleton University,Canal Building,3,B5,2026-04-01T03:17:39.560357+00:00,1.0000,"{""WAP4"": -68.5, ""WAP10"": -44.0, ""WAP1"": -68.0, ""WAP6"": -66.0}",8
e9ff1281-b18f-4682-ae3c-48d4f3168551,Tag3,Carleton University,Canal Building,3,A4,2026-04-01T03:17:39.560357+00:00,0.7180,"{""WAP4"": -59.5, ""WAP10"": -50.5, ""WAP1"": -58.0, ""WAP6"": -57.5}",8
29a4a825-4d89-43f5-820f-3067d6f41b16,Tag2,Carleton University,Canal Building,3,B5,2026-04-01T03:17:39.560357+00:00,1.0000,"{""WAP4"": -68.5, ""WAP10"": -44.0, ""WAP1"": -68.0, ""WAP6"": -66.0}",8
89ccf3f1-82ab-4bcf-96e7-e83c19d02157,Tag1,Carleton University,Canal Building,3,C2,2026-04-01T03:17:39.560357+00:00,0.3570,"{""WAP4"": -64.0, ""WAP10"": -53.0, ""WAP1"": -59.5, ""WAP6"": -53.0}",8
c2cf9ebd-a5b0-4be2-a4b7-c89b7b25a43d,Tag2,Carleton University,Canal Building,3,A4,2026-04-01T03:19:04.925918+00:00,0.6820,"{""WAP4"": -64.5, ""WAP10"": -48.0, ""WAP1"": -60.5, ""WAP6"": -58.0}",10
cff572fc-0d2e-477b-b050-c268740f47cc,Tag3,Carleton University,Canal Building,3,A4,2026-04-01T03:19:04.925918+00:00,0.4140,"{""WAP4"": -60.0, ""WAP10"": -53.5, ""WAP1"": -56.5, ""WAP6"": -59.0}",10
35d017bc-2123-4466-87da-3c4e2a2a9562,Tag2,Carleton University,Canal Building,3,A4,2026-04-01T03:19:04.925918+00:00,0.6820,"{""WAP4"": -64.5, ""WAP10"": -48.0, ""WAP1"": -60.5, ""WAP6"": -58.0}",10
470f46db-f869-42f7-803b-520b08755504,Tag1,Carleton University,Canal Building,3,C4,2026-04-01T03:19:04.925918+00:00,0.6740,"{""WAP4"": -62.0, ""WAP10"": -58.5, ""WAP1"": -59.5, ""WAP6"": -61.0}",10
5a0caec3-5075-4583-a808-14b1827bb29f,Tag3,Carleton University,Canal Building,3,A4,2026-04-01T03:20:30.647420+00:00,0.4210,"{""WAP4"": -59.5, ""WAP10"": -52.5, ""WAP1"": -57.0, ""WAP6"": -59.5}",12
66527e34-6584-491f-a0eb-621f52da708a,Tag1,Carleton University,Canal Building,3,C5,2026-04-01T03:20:30.647420+00:00,0.3870,"{""WAP4"": -57.5, ""WAP10"": -57.0, ""WAP1"": -60.0, ""WAP6"": -63.5}",12
df780e1d-c787-4001-b5e0-c0e3fc6e3607,Tag2,Carleton University,Canal Building,3,C3,2026-04-01T03:22:09.083942+00:00,0.7170,"{""WAP4"": -65.0, ""WAP10"": -53.0, ""WAP1"": -63.0, ""WAP6"": -64.0}",15
c36c85ed-a0bb-45bd-b64e-7982ce3ba743,Tag3,Carleton University,Canal Building,3,A4,2026-04-01T03:22:09.083942+00:00,0.3910,"{""WAP4"": -64.66666666666667, ""WAP10"": -50.0, ""WAP1"": -57.333333333333336, ""WAP6"": -57.333333333333336}",15
264a3246-903f-490e-a973-9dda50e2a333,Tag2,Carleton University,Canal Building,3,C3,2026-04-01T03:22:09.083942+00:00,0.7170,"{""WAP4"": -65.0, ""WAP10"": -53.0, ""WAP1"": -63.0, ""WAP6"": -64.0}",15
a72fe01b-ed9e-4023-b196-4a8eff82dca3,Tag1,Carleton University,Canal Building,3,C4,2026-04-01T03:22:09.083942+00:00,0.6590,"{""WAP4"": -62.666666666666664, ""WAP10"": -57.666666666666664, ""WAP1"": -60.0, ""WAP6"": -60.333333333333336}",15
8a0f62b4-52ae-4181-b5e2-ca87c82847cd,Tag2,Carleton University,Canal Building,3,C2,2026-04-01T03:23:34.124403+00:00,0.3800,"{""WAP4"": -65.0, ""WAP10"": -52.5, ""WAP1"": -59.5, ""WAP6"": -49.5}",17
bd6e4454-32e9-4f40-80de-ae35875806ef,Tag3,Carleton University,Canal Building,3,C2,2026-04-01T03:23:34.124403+00:00,0.7410,"{""WAP4"": -67.0, ""WAP10"": -54.5, ""WAP1"": -58.5, ""WAP6"": -53.5}",17
8ad907af-ccda-44f4-b007-3805df8e57a7,Tag2,Carleton University,Canal Building,3,C2,2026-04-01T03:23:34.124403+00:00,0.3800,"{""WAP4"": -65.0, ""WAP10"": -52.5, ""WAP1"": -59.5, ""WAP6"": -49.5}",17
8f9a8fc9-4bc3-4ea7-b241-c97717bea202,Tag1,Carleton University,Canal Building,3,A4,2026-04-01T03:23:34.124403+00:00,0.3750,"{""WAP4"": -60.0, ""WAP10"": -56.0, ""WAP1"": -60.5, ""WAP6"": -59.0}",17
7e615716-e7a0-431a-807f-48906324567a,Tag2,Carleton University,Canal Building,3,C1,2026-04-01T03:25:23.039122+00:00,1.0000,"{""WAP4"": -66.0, ""WAP10"": -56.0, ""WAP1"": -55.666666666666664, ""WAP6"": -61.333333333333336}",20
f64dfbfd-9603-44aa-9cb9-aedd74733042,Tag3,Carleton University,Canal Building,3,B3,2026-04-01T03:25:23.039122+00:00,0.5680,"{""WAP4"": -65.0, ""WAP10"": -56.333333333333336, ""WAP1"": -61.333333333333336, ""WAP6"": -55.333333333333336}",20
ca2dacbc-a80c-4f92-92db-c48260750ef4,Tag2,Carleton University,Canal Building,3,C1,2026-04-01T03:25:23.039122+00:00,1.0000,"{""WAP4"": -66.0, ""WAP10"": -56.0, ""WAP1"": -55.666666666666664, ""WAP6"": -61.333333333333336}",20
48c4ca88-683b-404d-b3b6-1d3741a8c0d1,Tag1,Carleton University,Canal Building,3,D7,2026-04-01T03:25:23.039122+00:00,1.0000,"{""WAP4"": -58.333333333333336, ""WAP10"": -61.666666666666664, ""WAP1"": -61.666666666666664, ""WAP6"": -62.333333333333336}",20
445e2581-f18c-4a91-8f5c-6922a0e458cb,Tag2,Carleton University,Canal Building,3,A4,2026-04-01T03:26:48.752922+00:00,0.5060,"{""WAP4"": -61.0, ""WAP10"": -54.0, ""WAP1"": -60.0, ""WAP6"": -57.0}",22
3d20a39f-50ba-4741-8dfa-703e6cb23387,Tag3,Carleton University,Canal Building,3,C2,2026-04-01T03:26:48.752922+00:00,0.7050,"{""WAP4"": -69.0, ""WAP10"": -58.5, ""WAP1"": -59.0, ""WAP6"": -54.0}",22
90dda433-7eed-4b51-9984-66771b033f5a,Tag2,Carleton University,Canal Building,3,A4,2026-04-01T03:26:48.752922+00:00,0.5060,"{""WAP4"": -61.0, ""WAP10"": -54.0, ""WAP1"": -60.0, ""WAP6"": -57.0}",22
bd6cc2f7-ae23-49cd-8898-6b6c52fc98f3,Tag1,Carleton University,Canal Building,3,C4,2026-04-01T03:26:48.752922+00:00,0.6430,"{""WAP4"": -59.0, ""WAP10"": -59.5, ""WAP1"": -61.0, ""WAP6"": -62.5}",22
ed7f3ad0-8316-4489-9a64-1f8e526ccaac,Tag2,Carleton University,Canal Building,3,B3,2026-04-01T03:28:13.713739+00:00,0.6330,"{""WAP4"": -65.0, ""WAP10"": -55.0, ""WAP1"": -62.0, ""WAP6"": -56.5}",24
22401142-7415-4de2-a1f7-caa44e10d1b9,Tag3,Carleton University,Canal Building,3,A2,2026-04-01T03:28:13.713739+00:00,0.6500,"{""WAP4"": -70.0, ""WAP10"": -58.0, ""WAP1"": -63.0, ""WAP6"": -54.5}",24
07a27fed-54ed-4aeb-8bba-939ae1b76a1e,Tag2,Carleton University,Canal Building,3,B3,2026-04-01T03:28:13.713739+00:00,0.6330,"{""WAP4"": -65.0, ""WAP10"": -55.0, ""WAP1"": -62.0, ""WAP6"": -56.5}",24
85c36a65-70a9-4df2-90c5-da0ae78255cc,Tag1,Carleton University,Canal Building,3,C4,2026-04-01T03:28:13.713739+00:00,0.6580,"{""WAP4"": -59.0, ""WAP10"": -60.5, ""WAP1"": -61.5, ""WAP6"": -63.0}",24
7dc2dff0-5d96-4939-ad2f-569c67765182,Tag2,Carleton University,Canal Building,3,C4,2026-04-01T03:29:38.267422+00:00,0.6300,"{""WAP4"": -66.5, ""WAP10"": -60.0, ""WAP1"": -65.5, ""WAP6"": -66.5}",26
4c29f39f-0968-4f85-8e5d-6c2209384640,Tag3,Carleton University,Canal Building,3,A2,2026-04-01T03:29:38.267422+00:00,0.3750,"{""WAP4"": -67.5, ""WAP10"": -57.5, ""WAP1"": -67.5, ""WAP6"": -55.5}",26
765e8a6e-5ddb-4ade-bf89-9bd3428b7914,Tag2,Carleton University,Canal Building,3,C4,2026-04-01T03:29:38.267422+00:00,0.6300,"{""WAP4"": -66.5, ""WAP10"": -60.0, ""WAP1"": -65.5, ""WAP6"": -66.5}",26
0aedf212-e8c6-4f12-9f42-3b1bbd50eebc,Tag1,Carleton University,Canal Building,3,C4,2026-04-01T03:29:38.267422+00:00,0.6470,"{""WAP4"": -59.0, ""WAP10"": -60.0, ""WAP1"": -61.0, ""WAP6"": -61.5}",26
a31d0c24-537e-4964-b828-34dc968f1e99,Tag2,Carleton University,Canal Building,3,B3,2026-04-01T03:31:23.550610+00:00,0.6810,"{""WAP4"": -65.5, ""WAP10"": -55.5, ""WAP1"": -63.0, ""WAP6"": -57.0}",28
66af6298-5dd7-4796-9656-5f830aefeb50,Tag3,Carleton University,Canal Building,3,B2,2026-04-01T03:31:23.550610+00:00,1.0000,"{""WAP4"": -69.5, ""WAP10"": -57.0, ""WAP1"": -62.0, ""WAP6"": -52.5}",28
5e167973-5407-4a63-8462-3be5ecd5d945,Tag2,Carleton University,Canal Building,3,B3,2026-04-01T03:31:23.550610+00:00,0.6810,"{""WAP4"": -65.5, ""WAP10"": -55.5, ""WAP1"": -63.0, ""WAP6"": -57.0}",28
40695908-6ca4-45a8-9b8f-a51fca8766b9,Tag1,Carleton University,Canal Building,3,D7,2026-04-01T03:31:23.550610+00:00,1.0000,"{""WAP4"": -58.5, ""WAP10"": -62.5, ""WAP1"": -59.0, ""WAP6"": -63.0}",28
e93f1e28-e450-4d05-b009-43b94d32a5d8,Tag2,Carleton University,Canal Building,3,C2,2026-04-01T03:32:48.971285+00:00,0.7130,"{""WAP4"": -64.0, ""WAP10"": -56.5, ""WAP1"": -58.5, ""WAP6"": -54.0}",30
7b6af736-aa18-4881-b26e-91a3064450b8,Tag3,Carleton University,Canal Building,3,C2,2026-04-01T03:32:48.971285+00:00,0.7870,"{""WAP4"": -65.5, ""WAP10"": -56.5, ""WAP1"": -59.5, ""WAP6"": -53.0}",30
db2b4eb7-0bc6-4363-8f19-2fa784c7a888,Tag2,Carleton University,Canal Building,3,C2,2026-04-01T03:32:48.971285+00:00,0.7130,"{""WAP4"": -64.0, ""WAP10"": -56.5, ""WAP1"": -58.5, ""WAP6"": -54.0}",30
d36c42a6-90d4-4597-810a-c2106bca34fe,Tag1,Carleton University,Canal Building,3,D7,2026-04-01T03:32:48.971285+00:00,1.0000,"{""WAP4"": -59.5, ""WAP10"": -61.0, ""WAP1"": -58.5, ""WAP6"": -62.5}",30
b07f5096-0dc3-49cd-b3b3-04c323cfde78,Tag2,Carleton University,Canal Building,3,C2,2026-04-01T03:34:14.407454+00:00,1.0000,"{""WAP4"": -65.5, ""WAP10"": -59.5, ""WAP1"": -59.0, ""WAP6"": -51.5}",32
e8623128-347a-400c-b973-f21d02117dd6,Tag3,Carleton University,Canal Building,3,C4,2026-04-01T03:34:14.407454+00:00,0.6000,"{""WAP4"": -66.5, ""WAP10"": -63.5, ""WAP1"": -63.5, ""WAP6"": -56.5}",32
d6a62c0e-1f7e-4f84-9571-ccd9889cf7e9,Tag2,Carleton University,Canal Building,3,C2,2026-04-01T03:34:14.407454+00:00,1.0000,"{""WAP4"": -65.5, ""WAP10"": -59.5, ""WAP1"": -59.0, ""WAP6"": -51.5}",32
7ca1825e-9d18-4dce-acbd-7ca81fcd22da,Tag1,Carleton University,Canal Building,3,C4,2026-04-01T03:34:14.407454+00:00,0.3360,"{""WAP4"": -59.5, ""WAP10"": -61.0, ""WAP1"": -60.5, ""WAP6"": -62.0}",32
7e4b0f16-4cfd-4ce7-9949-7c96e646e6c8,Tag2,Carleton University,Canal Building,3,C1,2026-04-01T03:36:23.370818+00:00,1.0000,"{""WAP4"": -64.33333333333333, ""WAP10"": -60.333333333333336, ""WAP1"": -52.666666666666664, ""WAP6"": -58.666666666666664}",35
f1cb9771-fe1b-4b1c-91c2-7f63fdc2bd3c,Tag3,Carleton University,Canal Building,3,C4,2026-04-01T03:36:23.370818+00:00,0.7350,"{""WAP4"": -67.66666666666667, ""WAP10"": -57.333333333333336, ""WAP1"": -61.0, ""WAP6"": -60.333333333333336}",35
ce2d928a-759a-4fce-9c18-310271fab696,Tag2,Carleton University,Canal Building,3,C1,2026-04-01T03:36:23.370818+00:00,1.0000,"{""WAP4"": -64.33333333333333, ""WAP10"": -60.333333333333336, ""WAP1"": -52.666666666666664, ""WAP6"": -58.666666666666664}",35
45e039c2-8f7b-4e26-af61-e8fca340a4db,Tag1,Carleton University,Canal Building,3,D7,2026-04-01T03:36:23.370818+00:00,1.0000,"{""WAP4"": -59.0, ""WAP10"": -61.0, ""WAP1"": -59.333333333333336, ""WAP6"": -62.0}",35
21d82e8e-7fbd-4bd4-8821-e5bc5bc181cc,Tag2,Carleton University,Canal Building,3,C7,2026-04-01T03:37:47.777832+00:00,0.4690,"{""WAP4"": -59.5, ""WAP10"": -65.0, ""WAP1"": -42.0, ""WAP6"": -65.5}",37
abe66ce0-1696-4fd7-b347-50b027b1703c,Tag3,Carleton University,Canal Building,3,C4,2026-04-01T03:37:47.777832+00:00,0.3620,"{""WAP4"": -65.5, ""WAP10"": -60.0, ""WAP1"": -62.5, ""WAP6"": -56.5}",37
afcec252-27f8-4d92-aed9-5f939fe05671,Tag2,Carleton University,Canal Building,3,C7,2026-04-01T03:37:47.777832+00:00,0.4690,"{""WAP4"": -59.5, ""WAP10"": -65.0, ""WAP1"": -42.0, ""WAP6"": -65.5}",37
7c3194d3-410b-4f4c-a55c-861740aec6cf,Tag1,Carleton University,Canal Building,3,D7,2026-04-01T03:37:47.777832+00:00,1.0000,"{""WAP4"": -58.5, ""WAP10"": -60.5, ""WAP1"": -58.5, ""WAP6"": -62.0}",37
40d4e253-c175-454b-b192-e573975546c5,Tag2,Carleton University,Canal Building,3,C7,2026-04-01T03:39:12.121670+00:00,0.7280,"{""WAP4"": -62.0, ""WAP10"": -59.5, ""WAP1"": -47.0, ""WAP6"": -66.5}",39
bccdf27b-33a7-488c-8c6c-f311503d908d,Tag3,Carleton University,Canal Building,3,C4,2026-04-01T03:39:12.121670+00:00,0.5620,"{""WAP4"": -69.0, ""WAP10"": -49.0, ""WAP1"": -63.0, ""WAP6"": -62.5}",39
1c0c2187-c158-4c4d-8841-c38b11a7ce9b,Tag2,Carleton University,Canal Building,3,C7,2026-04-01T03:39:12.121670+00:00,0.7280,"{""WAP4"": -62.0, ""WAP10"": -59.5, ""WAP1"": -47.0, ""WAP6"": -66.5}",39
7930b8ed-ca69-48b0-b3f3-d9eae5e951c2,Tag1,Carleton University,Canal Building,3,C4,2026-04-01T03:39:12.121670+00:00,0.6490,"{""WAP4"": -65.0, ""WAP10"": -58.0, ""WAP1"": -62.5, ""WAP6"": -69.0}",39
31d2c3b5-53a4-4454-8c8f-d9884051a364,Tag2,Carleton University,Canal Building,3,C5,2026-04-01T03:40:59.991865+00:00,0.3500,"{""WAP4"": -60.0, ""WAP10"": -58.5, ""WAP1"": -58.5, ""WAP6"": -60.0}",42
f805798d-ec55-4524-aad7-c888773039c4,Tag3,Carleton University,Canal Building,3,C4,2026-04-01T03:40:59.991865+00:00,0.7120,"{""WAP4"": -65.0, ""WAP10"": -50.5, ""WAP1"": -61.5, ""WAP6"": -62.5}",42
d696d77e-fa5d-4d74-9b41-a86c294a106e,Tag2,Carleton University,Canal Building,3,C5,2026-04-01T03:40:59.991865+00:00,0.3500,"{""WAP4"": -60.0, ""WAP10"": -58.5, ""WAP1"": -58.5, ""WAP6"": -60.0}",42
13a49570-5976-474a-9c30-b040dc845650,Tag1,Carleton University,Canal Building,3,A7,2026-04-01T03:40:59.991865+00:00,0.6330,"{""WAP4"": -62.5, ""WAP10"": -56.5, ""WAP1"": -37.0, ""WAP6"": -68.5}",42
936cca6e-d3ce-452e-8d2a-ba7b6ae82d4a,Tag2,Carleton University,Canal Building,3,A4,2026-04-01T03:43:07.391668+00:00,0.5470,"{""WAP4"": -59.5, ""WAP10"": -53.0, ""WAP1"": -60.5, ""WAP6"": -58.5}",44
ec56cb1c-2202-472c-ac65-3227f1aa0fc5,Tag3,Carleton University,Canal Building,3,A2,2026-04-01T03:43:07.391668+00:00,0.6700,"{""WAP4"": -68.0, ""WAP10"": -50.0, ""WAP1"": -63.0, ""WAP6"": -57.5}",44
0548fcd8-144d-40a6-92e0-35173eabaa21,Tag2,Carleton University,Canal Building,3,A4,2026-04-01T03:43:07.391668+00:00,0.5470,"{""WAP4"": -59.5, ""WAP10"": -53.0, ""WAP1"": -60.5, ""WAP6"": -58.5}",44
a9cff0ea-a132-40e7-aaa2-29b58df92f80,Tag1,Carleton University,Canal Building,3,B7,2026-04-01T03:43:07.391668+00:00,0.3850,"{""WAP4"": -63.0, ""WAP10"": -53.5, ""WAP1"": -39.0, ""WAP6"": -65.0}",44
570eae43-9391-4d08-8698-2a8ddb390996,Tag2,Carleton University,Canal Building,3,C3,2026-04-01T03:45:15.376012+00:00,0.6470,"{""WAP4"": -60.666666666666664, ""WAP10"": -58.333333333333336, ""WAP1"": -62.666666666666664, ""WAP6"": -59.666666666666664}",47
f0c1440e-6cb8-4bc9-ac37-72b35ee59239,Tag3,Carleton University,Canal Building,3,C3,2026-04-01T03:45:15.376012+00:00,0.7020,"{""WAP4"": -64.66666666666667, ""WAP10"": -52.666666666666664, ""WAP1"": -61.0, ""WAP6"": -59.666666666666664}",47
886f401a-55e6-4023-a3c8-18b0b92ea640,Tag2,Carleton University,Canal Building,3,C3,2026-04-01T03:45:15.376012+00:00,0.6470,"{""WAP4"": -60.666666666666664, ""WAP10"": -58.333333333333336, ""WAP1"": -62.666666666666664, ""WAP6"": -59.666666666666664}",47
9d2dfba6-ef2d-46f8-abf5-3223be5ace46,Tag1,Carleton University,Canal Building,3,A2,2026-04-01T03:45:15.376012+00:00,0.3500,"{""WAP4"": -69.0, ""WAP10"": -59.0, ""WAP1"": -65.0, ""WAP6"": -56.666666666666664}",47
54b83428-d93f-4234-8bcf-e7f1ffd2eea8,Tag2,Carleton University,Canal Building,3,C4,2026-04-01T03:47:21.001490+00:00,0.3440,"{""WAP4"": -60.0, ""WAP10"": -61.5, ""WAP1"": -61.5, ""WAP6"": -59.5}",49
3da5520a-6723-496e-b885-24c3a2fa5da4,Tag3,Carleton University,Canal Building,3,B3,2026-04-01T03:47:21.001490+00:00,0.7450,"{""WAP4"": -65.0, ""WAP10"": -55.5, ""WAP1"": -61.5, ""WAP6"": -58.5}",49
8b21a498-e400-4116-afd6-215d6124bcd7,Tag2,Carleton University,Canal Building,3,C4,2026-04-01T03:47:21.001490+00:00,0.3440,"{""WAP4"": -60.0, ""WAP10"": -61.5, ""WAP1"": -61.5, ""WAP6"": -59.5}",49
9ee55672-4ae8-4975-99dd-a048dda2a541,Tag1,Carleton University,Canal Building,3,C2,2026-04-01T03:47:21.001490+00:00,0.7000,"{""WAP4"": -66.0, ""WAP10"": -61.0, ""WAP1"": -60.5, ""WAP6"": -52.5}",49
7456fbf4-89fc-4a9b-9ea3-25ada7e7f8bc,Tag2,Carleton University,Canal Building,3,C5,2026-04-01T03:49:11.281891+00:00,0.3900,"{""WAP4"": -61.0, ""WAP10"": -57.666666666666664, ""WAP1"": -62.0, ""WAP6"": -61.666666666666664}",52
0e54ee3b-eaff-43b2-846f-fa6454b6618c,Tag3,Carleton University,Canal Building,3,B4,2026-04-01T03:49:11.281891+00:00,0.7400,"{""WAP4"": -69.0, ""WAP10"": -53.333333333333336, ""WAP1"": -62.0, ""WAP6"": -60.666666666666664}",52
57f60168-1fb6-4190-b9cf-19ba3fb1e5ae,Tag2,Carleton University,Canal Building,3,C5,2026-04-01T03:49:11.281891+00:00,0.3900,"{""WAP4"": -61.0, ""WAP10"": -57.666666666666664, ""WAP1"": -62.0, ""WAP6"": -61.666666666666664}",52
9e9bd229-4511-4335-8d36-e78ac18815ad,Tag1,Carleton University,Canal Building,3,B3,2026-04-01T03:49:11.281891+00:00,0.6690,"{""WAP4"": -66.33333333333333, ""WAP10"": -55.333333333333336, ""WAP1"": -63.0, ""WAP6"": -56.333333333333336}",52
a0394e97-441e-4ba8-80a2-b70e4f864b60,Tag2,Carleton University,Canal Building,3,C5,2026-04-01T03:50:36.381634+00:00,0.3520,"{""WAP4"": -61.0, ""WAP10"": -58.0, ""WAP1"": -61.0, ""WAP6"": -58.5}",54
06ffbec4-b5ca-45cf-b240-a7103a7dd07a,Tag3,Carleton University,Canal Building,3,C3,2026-04-01T03:50:36.381634+00:00,0.4430,"{""WAP4"": -66.5, ""WAP10"": -51.5, ""WAP1"": -63.5, ""WAP6"": -58.5}",54
780d99e7-5a38-4796-b0e2-2ef85f49e303,Tag2,Carleton University,Canal Building,3,C5,2026-04-01T03:50:36.381634+00:00,0.3520,"{""WAP4"": -61.0, ""WAP10"": -58.0, ""WAP1"": -61.0, ""WAP6"": -58.5}",54
02c7201d-562a-4a72-a541-60bbd333c506,Tag1,Carleton University,Canal Building,3,B2,2026-04-01T03:50:36.381634+00:00,1.0000,"{""WAP4"": -65.5, ""WAP10"": -50.0, ""WAP1"": -64.0, ""WAP6"": -50.5}",54
9637f915-4c08-4ddd-b36f-1860fa2ffd5f,Tag2,Carleton University,Canal Building,3,C4,2026-04-01T03:52:44.103070+00:00,0.6250,"{""WAP4"": -60.333333333333336, ""WAP10"": -58.333333333333336, ""WAP1"": -60.666666666666664, ""WAP6"": -61.0}",57
6b4d80e2-0112-4784-a90c-c06d00cc96ef,Tag3,Carleton University,Canal Building,3,C4,2026-04-01T03:52:44.103070+00:00,1.0000,"{""WAP4"": -69.0, ""WAP10"": -58.666666666666664, ""WAP1"": -61.0, ""WAP6"": -61.333333333333336}",57
a9d553ca-fae5-4f56-be56-a88d116041b2,Tag2,Carleton University,Canal Building,3,C4,2026-04-01T03:52:44.103070+00:00,0.6250,"{""WAP4"": -60.333333333333336, ""WAP10"": -58.333333333333336, ""WAP1"": -60.666666666666664, ""WAP6"": -61.0}",57
3f756dfe-ac7e-4d6c-911b-4b0e637f5759,Tag1,Carleton University,Canal Building,3,B2,2026-04-01T03:52:44.103070+00:00,0.7040,"{""WAP4"": -67.33333333333333, ""WAP10"": -52.666666666666664, ""WAP1"": -64.66666666666667, ""WAP6"": -53.333333333333336}",57
5d07f003-42a1-44fa-8b67-889f4aeb0ddb,Tag2,Carleton University,Canal Building,3,C5,2026-04-01T03:54:34.597791+00:00,0.4010,"{""WAP4"": -59.333333333333336, ""WAP10"": -56.666666666666664, ""WAP1"": -60.0, ""WAP6"": -61.666666666666664}",60
e91d5416-b309-4156-a7ca-02a2410ff483,Tag3,Carleton University,Canal Building,3,B4,2026-04-01T03:54:34.597791+00:00,0.6740,"{""WAP4"": -69.0, ""WAP10"": -56.333333333333336, ""WAP1"": -63.0, ""WAP6"": -61.666666666666664}",60
09e2ce1b-346c-471a-b29a-41b16e352cd1,Tag2,Carleton University,Canal Building,3,C5,2026-04-01T03:54:34.597791+00:00,0.4010,"{""WAP4"": -59.333333333333336, ""WAP10"": -56.666666666666664, ""WAP1"": -60.0, ""WAP6"": -61.666666666666664}",60
81b7319d-5f0c-4778-bb6b-151b76db98ad,Tag1,Carleton University,Canal Building,3,B2,2026-04-01T03:54:34.597791+00:00,0.7220,"{""WAP4"": -65.66666666666667, ""WAP10"": -53.0, ""WAP1"": -62.666666666666664, ""WAP6"": -52.0}",60
6dbc66e3-cdaf-4864-9349-b980874d3793,Tag2,Carleton University,Canal Building,3,C5,2026-04-01T03:55:58.767140+00:00,0.4130,"{""WAP4"": -60.0, ""WAP10"": -57.0, ""WAP1"": -60.5, ""WAP6"": -62.5}",62
b25ef2f4-760d-46f7-8b2f-7c59ad590d7f,Tag3,Carleton University,Canal Building,3,A2,2026-04-01T03:55:58.767140+00:00,0.4050,"{""WAP4"": -67.0, ""WAP10"": -51.5, ""WAP1"": -59.5, ""WAP6"": -57.0}",62
04963b92-71ed-4979-b814-6391ea2fa02d,Tag2,Carleton University,Canal Building,3,C5,2026-04-01T03:55:58.767140+00:00,0.4130,"{""WAP4"": -60.0, ""WAP10"": -57.0, ""WAP1"": -60.5, ""WAP6"": -62.5}",62
9d23ed0b-3595-4beb-81be-e8ead274af50,Tag1,Carleton University,Canal Building,3,A2,2026-04-01T03:55:58.767140+00:00,0.6860,"{""WAP4"": -70.0, ""WAP10"": -52.5, ""WAP1"": -59.5, ""WAP6"": -59.5}",62
38f4c8fa-392c-4e55-8a87-5c6e002e838a,Tag2,Carleton University,Canal Building,3,C4,2026-04-01T03:57:24.065115+00:00,0.6680,"{""WAP4"": -60.5, ""WAP10"": -58.0, ""WAP1"": -59.0, ""WAP6"": -66.0}",64
09fa7f32-b4d6-4bca-ba37-9c417de94cbc,Tag3,Carleton University,Canal Building,3,C4,2026-04-01T03:57:24.065115+00:00,1.0000,"{""WAP4"": -66.5, ""WAP10"": -54.5, ""WAP1"": -62.5, ""WAP6"": -65.5}",64
d3e6f74d-dc10-4983-9922-0102eb233191,Tag2,Carleton University,Canal Building,3,C4,2026-04-01T03:57:24.065115+00:00,0.6680,"{""WAP4"": -60.5, ""WAP10"": -58.0, ""WAP1"": -59.0, ""WAP6"": -66.0}",64
8f622f63-2b25-4018-875b-8229f798a9ab,Tag1,Carleton University,Canal Building,3,B2,2026-04-01T03:57:24.065115+00:00,0.3730,"{""WAP4"": -68.0, ""WAP10"": -55.0, ""WAP1"": -69.0, ""WAP6"": -59.5}",64
26db945c-dd0e-4b09-a3d5-b570864aa1bd,Tag2,Carleton University,Canal Building,3,C4,2026-04-01T03:59:12.674332+00:00,0.6520,"{""WAP4"": -59.333333333333336, ""WAP10"": -59.333333333333336, ""WAP1"": -59.666666666666664, ""WAP6"": -63.0}",67
6d888f90-075a-4db5-bd39-ddbd6b0c67bb,Tag3,Carleton University,Canal Building,3,A2,2026-04-01T03:59:12.674332+00:00,0.6760,"{""WAP4"": -67.33333333333333, ""WAP10"": -57.666666666666664, ""WAP1"": -64.0, ""WAP6"": -56.0}",67
7db63939-8081-4f1f-84c6-c6dc22af53cc,Tag2,Carleton University,Canal Building,3,C4,2026-04-01T03:59:12.674332+00:00,0.6520,"{""WAP4"": -59.333333333333336, ""WAP10"": -59.333333333333336, ""WAP1"": -59.666666666666664, ""WAP6"": -63.0}",67
cdf3a91c-758f-42ad-9105-1094f2a0ad4d,Tag1,Carleton University,Canal Building,3,C4,2026-04-01T03:59:12.674332+00:00,0.6550,"{""WAP4"": -70.0, ""WAP10"": -58.666666666666664, ""WAP1"": -62.333333333333336, ""WAP6"": -62.333333333333336}",67
3c188a74-0969-4ed7-999e-93267c21e921,Tag2,Carleton University,Canal Building,3,C4,2026-04-01T04:00:37.246680+00:00,0.6750,"{""WAP4"": -59.5, ""WAP10"": -61.5, ""WAP1"": -62.0, ""WAP6"": -64.0}",69
9c63baf3-a943-4797-8f87-f6b0a95bced1,Tag3,Carleton University,Canal Building,3,C3,2026-04-01T04:00:37.246680+00:00,0.3880,"{""WAP4"": -64.5, ""WAP10"": -54.5, ""WAP1"": -61.0, ""WAP6"": -61.0}",69
70b75774-b34c-4195-93d1-c44dd6a5d21b,Tag2,Carleton University,Canal Building,3,C4,2026-04-01T04:00:37.246680+00:00,0.6750,"{""WAP4"": -59.5, ""WAP10"": -61.5, ""WAP1"": -62.0, ""WAP6"": -64.0}",69
ef859055-61e2-4f6a-a81d-5f196c244e71,Tag1,Carleton University,Canal Building,3,B7,2026-04-01T04:00:37.246680+00:00,0.3430,"{""WAP4"": -71.0, ""WAP10"": -65.0, ""WAP1"": -65.0, ""WAP6"": -67.0}",69
0d2de971-f2cc-442e-8d3c-89ea4b3398ee,Tag2,Carleton University,Canal Building,3,C4,2026-04-01T04:02:02.594453+00:00,0.6320,"{""WAP4"": -60.0, ""WAP10"": -58.5, ""WAP1"": -61.5, ""WAP6"": -63.0}",71
6f18f624-b5c6-451d-8d2c-f3cc72747a1a,Tag3,Carleton University,Canal Building,3,C3,2026-04-01T04:02:02.594453+00:00,1.0000,"{""WAP4"": -62.0, ""WAP10"": -52.0, ""WAP1"": -62.5, ""WAP6"": -60.5}",71
1802188f-52f2-4565-a2e2-d647a8c0491b,Tag2,Carleton University,Canal Building,3,C4,2026-04-01T04:02:02.594453+00:00,0.6320,"{""WAP4"": -60.0, ""WAP10"": -58.5, ""WAP1"": -61.5, ""WAP6"": -63.0}",71
933cda7d-2bee-4015-9ff8-1fb9dca47701,Tag1,Carleton University,Canal Building,3,C2,2026-04-01T04:02:02.594453+00:00,0.3540,"{""WAP4"": -64.0, ""WAP10"": -50.0, ""WAP1"": -59.0, ""WAP6"": -56.5}",71
88191611-8fdd-42d7-9b40-fee8119984b7,Tag2,Carleton University,Canal Building,3,C4,2026-04-01T04:03:27.864634+00:00,0.6690,"{""WAP4"": -59.5, ""WAP10"": -60.5, ""WAP1"": -61.0, ""WAP6"": -64.0}",73
e2ab4244-e22b-492b-acd0-76be93fe88df,Tag3,Carleton University,Canal Building,3,C3,2026-04-01T04:03:27.864634+00:00,1.0000,"{""WAP4"": -62.0, ""WAP10"": -51.5, ""WAP1"": -63.0, ""WAP6"": -59.5}",73
110180b6-21f3-42e9-bbf1-3a5f14f4b9db,Tag2,Carleton University,Canal Building,3,C4,2026-04-01T04:03:27.864634+00:00,0.6690,"{""WAP4"": -59.5, ""WAP10"": -60.5, ""WAP1"": -61.0, ""WAP6"": -64.0}",73
2f4f1cee-ba31-477c-8471-1550c1a62374,Tag1,Carleton University,Canal Building,3,B4,2026-04-01T04:03:27.864634+00:00,0.3650,"{""WAP4"": -68.5, ""WAP10"": -55.5, ""WAP1"": -60.5, ""WAP6"": -59.5}",73
bdbf87f7-2fb6-4f86-8024-ddb81082b55f,Tag2,Carleton University,Canal Building,3,D7,2026-04-01T04:04:52.395428+00:00,1.0000,"{""WAP4"": -59.5, ""WAP10"": -62.0, ""WAP1"": -60.5, ""WAP6"": -64.5}",75
5461aa35-9b6d-4a48-953e-e526e693c67c,Tag3,Carleton University,Canal Building,3,A4,2026-04-01T04:04:52.395428+00:00,0.6280,"{""WAP4"": -60.5, ""WAP10"": -50.0, ""WAP1"": -60.5, ""WAP6"": -60.0}",75
604438e5-63ad-43c1-b1d6-3b07fc137b79,Tag2,Carleton University,Canal Building,3,D7,2026-04-01T04:04:52.395428+00:00,1.0000,"{""WAP4"": -59.5, ""WAP10"": -62.0, ""WAP1"": -60.5, ""WAP6"": -64.5}",75
f4ec18db-a104-4cdf-a42f-dd3c1743a5ee,Tag1,Carleton University,Canal Building,3,B2,2026-04-01T04:04:52.395428+00:00,0.6700,"{""WAP4"": -64.0, ""WAP10"": -54.0, ""WAP1"": -63.0, ""WAP6"": -50.5}",75
91b361e8-f314-4c0b-b679-4c758d467344,Tag2,Carleton University,Canal Building,3,C5,2026-04-01T04:06:16.903491+00:00,0.3780,"{""WAP4"": -59.5, ""WAP10"": -57.5, ""WAP1"": -61.5, ""WAP6"": -60.5}",77
d9316dc1-65d0-4882-a936-9c0ded55ff44,Tag3,Carleton University,Canal Building,3,A4,2026-04-01T04:06:16.903491+00:00,0.7580,"{""WAP4"": -61.5, ""WAP10"": -45.0, ""WAP1"": -60.5, ""WAP6"": -60.5}",77
eb64de9b-fddf-4848-9524-b36f2696ab58,Tag2,Carleton University,Canal Building,3,C5,2026-04-01T04:06:16.903491+00:00,0.3780,"{""WAP4"": -59.5, ""WAP10"": -57.5, ""WAP1"": -61.5, ""WAP6"": -60.5}",77
2072fa5a-e695-43fe-b69c-a7ccb8dd501d,Tag1,Carleton University,Canal Building,3,A2,2026-04-01T04:06:16.903491+00:00,0.3460,"{""WAP4"": -70.0, ""WAP10"": -48.5, ""WAP1"": -59.0, ""WAP6"": -50.0}",77
5a2b6938-8d4b-4b9a-8411-40ba4ec3b5b4,Tag2,Carleton University,Canal Building,3,C4,2026-04-01T04:08:05.451947+00:00,0.6490,"{""WAP4"": -59.0, ""WAP10"": -60.333333333333336, ""WAP1"": -61.333333333333336, ""WAP6"": -61.0}",80
87f693c3-8fec-4bb8-b086-7f03ffb5d028,Tag3,Carleton University,Canal Building,3,C3,2026-04-01T04:08:05.451947+00:00,0.3640,"{""WAP4"": -62.666666666666664, ""WAP10"": -51.0, ""WAP1"": -59.0, ""WAP6"": -64.0}",80
4c564ef3-f42e-42ad-8dd3-d4d55e42cdba,Tag2,Carleton University,Canal Building,3,C4,2026-04-01T04:08:05.451947+00:00,0.6490,"{""WAP4"": -59.0, ""WAP10"": -60.333333333333336, ""WAP1"": -61.333333333333336, ""WAP6"": -61.0}",80
f634ce17-3f7e-46d6-9c41-0ab24816dfba,Tag1,Carleton University,Canal Building,3,A2,2026-04-01T04:08:05.451947+00:00,0.6620,"{""WAP4"": -71.33333333333333, ""WAP10"": -51.666666666666664, ""WAP1"": -59.666666666666664, ""WAP6"": -51.0}",80
37866617-5ea9-4c92-82a2-4cda7297728a,Tag2,Carleton University,Canal Building,3,A4,2026-04-01T04:09:31.842039+00:00,0.3540,"{""WAP4"": -60.5, ""WAP10"": -55.5, ""WAP1"": -62.0, ""WAP6"": -58.5}",82
72edf76a-a540-40b2-bda0-0ea27f77348e,Tag3,Carleton University,Canal Building,3,A4,2026-04-01T04:09:31.842039+00:00,0.7510,"{""WAP4"": -60.0, ""WAP10"": -47.5, ""WAP1"": -60.5, ""WAP6"": -60.5}",82
1b3fe9e4-5513-4a52-ac3b-54af54941f26,Tag2,Carleton University,Canal Building,3,A4,2026-04-01T04:09:31.842039+00:00,0.3540,"{""WAP4"": -60.5, ""WAP10"": -55.5, ""WAP1"": -62.0, ""WAP6"": -58.5}",82
714413b1-c67c-46b3-afa1-9abdd6e4820d,Tag1,Carleton University,Canal Building,3,B1,2026-04-01T04:09:31.842039+00:00,0.6270,"{""WAP4"": -70.0, ""WAP10"": -48.5, ""WAP1"": -58.5, ""WAP6"": -48.0}",82
ffeed458-ff2e-49b1-920b-e60528d4b04b,Tag2,Carleton University,Canal Building,3,D7,2026-04-01T04:11:21.179159+00:00,0.6830,"{""WAP4"": -59.0, ""WAP10"": -61.666666666666664, ""WAP1"": -61.333333333333336, ""WAP6"": -61.333333333333336}",85
05e64cec-6d63-4935-9a37-000e8f24809b,Tag3,Carleton University,Canal Building,3,C3,2026-04-01T04:11:21.179159+00:00,0.5930,"{""WAP4"": -60.666666666666664, ""WAP10"": -53.666666666666664, ""WAP1"": -62.0, ""WAP6"": -62.0}",85
2ab3510d-065c-496d-bf52-8e51c4a7d170,Tag2,Carleton University,Canal Building,3,D7,2026-04-01T04:11:21.179159+00:00,0.6830,"{""WAP4"": -59.0, ""WAP10"": -61.666666666666664, ""WAP1"": -61.333333333333336, ""WAP6"": -61.333333333333336}",85
c0c9c7b4-9ab5-4bb3-b0e9-9169c0a1cc77,Tag1,Carleton University,Canal Building,3,A2,2026-04-01T04:11:21.179159+00:00,0.3620,"{""WAP4"": -71.33333333333333, ""WAP10"": -52.0, ""WAP1"": -61.333333333333336, ""WAP6"": -51.0}",85
f24c39b7-38e7-45c2-a354-de0290943e89,Tag2,Carleton University,Canal Building,3,D7,2026-04-01T04:13:30.487971+00:00,0.6760,"{""WAP4"": -59.0, ""WAP10"": -63.5, ""WAP1"": -62.0, ""WAP6"": -62.0}",87
5faf9d40-efe7-4b16-8c00-5eb595340fa9,Tag3,Carleton University,Canal Building,3,C3,2026-04-01T04:13:30.487971+00:00,1.0000,"{""WAP4"": -61.0, ""WAP10"": -51.5, ""WAP1"": -63.0, ""WAP6"": -63.0}",87
48cf1a79-9671-4791-ab07-c20cb06fcb28,Tag2,Carleton University,Canal Building,3,D7,2026-04-01T04:13:30.487971+00:00,0.6760,"{""WAP4"": -59.0, ""WAP10"": -63.5, ""WAP1"": -62.0, ""WAP6"": -62.0}",87
ded0a7e1-20e9-4cb3-99f6-7192f7ca2c62,Tag1,Carleton University,Canal Building,3,B2,2026-04-01T04:13:30.487971+00:00,0.5970,"{""WAP4"": -71.5, ""WAP10"": -52.5, ""WAP1"": -66.0, ""WAP6"": -51.5}",87
1bf3bccf-99f6-4f19-9201-9f5c7af94e3b,Tag2,Carleton University,Canal Building,3,D7,2026-04-01T04:15:20.131677+00:00,1.0000,"{""WAP4"": -59.0, ""WAP10"": -62.0, ""WAP1"": -61.333333333333336, ""WAP6"": -61.666666666666664}",90
756b7612-e67e-463f-ab1e-ee8400795006,Tag3,Carleton University,Canal Building,3,C3,2026-04-01T04:15:20.131677+00:00,1.0000,"{""WAP4"": -62.666666666666664, ""WAP10"": -52.0, ""WAP1"": -63.666666666666664, ""WAP6"": -60.666666666666664}",90
12e8d7a2-40c4-42ff-8ebb-ad137b91b462,Tag2,Carleton University,Canal Building,3,D7,2026-04-01T04:15:20.131677+00:00,1.0000,"{""WAP4"": -59.0, ""WAP10"": -62.0, ""WAP1"": -61.333333333333336, ""WAP6"": -61.666666666666664}",90
bd098500-1dec-4f2c-8b3c-433eabfd3573,Tag1,Carleton University,Canal Building,3,C4,2026-04-01T04:15:20.131677+00:00,1.0000,"{""WAP4"": -65.0, ""WAP10"": -57.666666666666664, ""WAP1"": -61.333333333333336, ""WAP6"": -60.666666666666664}",90
2d0677d9-f286-473e-a4c1-f0a83d788d8f,Tag2,Carleton University,Canal Building,3,D7,2026-04-01T04:17:10.438858+00:00,1.0000,"{""WAP4"": -58.666666666666664, ""WAP10"": -63.333333333333336, ""WAP1"": -61.666666666666664, ""WAP6"": -61.0}",93
cf5f4c19-1c75-4ad7-b2dc-72fb9d030a70,Tag3,Carleton University,Canal Building,3,B3,2026-04-01T04:17:10.438858+00:00,0.6670,"{""WAP4"": -64.0, ""WAP10"": -50.666666666666664, ""WAP1"": -61.0, ""WAP6"": -55.0}",93
7dc6329c-92bc-414d-906d-3fe62bef5c55,Tag2,Carleton University,Canal Building,3,D7,2026-04-01T04:17:10.438858+00:00,1.0000,"{""WAP4"": -58.666666666666664, ""WAP10"": -63.333333333333336, ""WAP1"": -61.666666666666664, ""WAP6"": -61.0}",93
17489f55-e6d9-436c-96f5-681783a09191,Tag1,Carleton University,Canal Building,3,B4,2026-04-01T04:17:10.438858+00:00,0.5600,"{""WAP4"": -67.33333333333333, ""WAP10"": -57.333333333333336, ""WAP1"": -66.33333333333333, ""WAP6"": -61.666666666666664}",93
f92d6aca-b810-422a-ae17-026b8280bfa4,Tag2,Carleton University,Canal Building,3,D7,2026-04-01T04:18:58.958361+00:00,0.6760,"{""WAP4"": -59.5, ""WAP10"": -65.0, ""WAP1"": -61.5, ""WAP6"": -61.0}",95
76e09245-7ef7-4da8-a1d9-8987460886d7,Tag3,Carleton University,Canal Building,3,A2,2026-04-01T04:18:58.958361+00:00,0.6370,"{""WAP4"": -64.0, ""WAP10"": -51.5, ""WAP1"": -61.0, ""WAP6"": -55.5}",95
57d4e2f0-073a-4f83-8855-87c60dc81674,Tag2,Carleton University,Canal Building,3,D7,2026-04-01T04:18:58.958361+00:00,0.6760,"{""WAP4"": -59.5, ""WAP10"": -65.0, ""WAP1"": -61.5, ""WAP6"": -61.0}",95
67484576-ea95-4264-8b36-2692335fc1e9,Tag1,Carleton University,Canal Building,3,B3,2026-04-01T04:18:58.958361+00:00,0.3490,"{""WAP4"": -63.5, ""WAP10"": -58.0, ""WAP1"": -61.5, ""WAP6"": -57.5}",95
a5fc98c3-ae7a-418c-8e54-6101fc7e1876,Tag2,Carleton University,Canal Building,3,C5,2026-04-01T04:20:27.508218+00:00,0.3500,"{""WAP4"": -58.5, ""WAP10"": -60.5, ""WAP1"": -62.0, ""WAP6"": -61.5}",97
723fc01c-63ed-4223-9d5e-b80b05c9d83e,Tag3,Carleton University,Canal Building,3,A5,2026-04-01T04:20:27.508218+00:00,0.4350,"{""WAP4"": -61.0, ""WAP10"": -52.5, ""WAP1"": -62.5, ""WAP6"": -55.5}",97
d6884c89-4042-4fa5-877a-454b43c63808,Tag2,Carleton University,Canal Building,3,C5,2026-04-01T04:20:27.508218+00:00,0.3500,"{""WAP4"": -58.5, ""WAP10"": -60.5, ""WAP1"": -62.0, ""WAP6"": -61.5}",97
bf148eec-e2f8-4f58-9419-d0c5a24599b0,Tag1,Carleton University,Canal Building,3,C4,2026-04-01T04:20:27.508218+00:00,0.8220,"{""WAP4"": -67.5, ""WAP10"": -57.5, ""WAP1"": -62.5, ""WAP6"": -61.0}",97
35b51ee3-64b5-4d86-9ec4-4cc81f335702,Tag2,Carleton University,Canal Building,3,D7,2026-04-01T04:22:18.858486+00:00,0.6360,"{""WAP4"": -59.0, ""WAP10"": -62.0, ""WAP1"": -62.666666666666664, ""WAP6"": -60.0}",100
9299af86-0867-404a-8b0c-520126ddc898,Tag3,Carleton University,Canal Building,3,A4,2026-04-01T04:22:18.858486+00:00,0.3580,"{""WAP4"": -61.666666666666664, ""WAP10"": -53.0, ""WAP1"": -63.0, ""WAP6"": -57.0}",100
6b6643fc-8e3d-461a-a5d8-ec0960bfff59,Tag2,Carleton University,Canal Building,3,D7,2026-04-01T04:22:18.858486+00:00,0.6360,"{""WAP4"": -59.0, ""WAP10"": -62.0, ""WAP1"": -62.666666666666664, ""WAP6"": -60.0}",100
446dfc90-f0b0-49c9-b5ae-e7e6f9d6e459,Tag1,Carleton University,Canal Building,3,B7,2026-04-01T04:22:18.858486+00:00,0.3420,"{""WAP4"": -76.33333333333333, ""WAP10"": -66.33333333333333, ""WAP1"": -72.66666666666667, ""WAP6"": -69.0}",100
9c240f3d-56c0-48e9-b631-a6bfcd8fa971,Tag2,Carleton University,Canal Building,3,B7,2026-04-01T04:23:47.176064+00:00,0.3480,"{""WAP4"": -58.5, ""WAP10"": -61.0, ""WAP1"": -63.0, ""WAP6"": -60.0}",102
51a3436e-19ec-4b8a-8c4b-74b6beb92fcb,Tag3,Carleton University,Canal Building,3,A5,2026-04-01T04:23:47.176064+00:00,0.4400,"{""WAP4"": -61.0, ""WAP10"": -51.0, ""WAP1"": -63.5, ""WAP6"": -55.0}",102
f5e7a091-3ff3-409f-b03b-3a5b5e38df40,Tag2,Carleton University,Canal Building,3,B7,2026-04-01T04:23:47.176064+00:00,0.3480,"{""WAP4"": -58.5, ""WAP10"": -61.0, ""WAP1"": -63.0, ""WAP6"": -60.0}",102
98609874-e509-439b-b66b-cbbfc1fbb699,Tag1,Carleton University,Canal Building,3,C4,2026-04-01T04:23:47.176064+00:00,1.0000,"{""WAP4"": -66.5, ""WAP10"": -59.5, ""WAP1"": -66.0, ""WAP6"": -64.0}",102
2fcf0e48-35e2-450f-a306-3a8783cc9b58,Tag2,Carleton University,Canal Building,3,C5,2026-04-01T04:25:37.830917+00:00,0.3410,"{""WAP4"": -59.333333333333336, ""WAP10"": -61.0, ""WAP1"": -62.0, ""WAP6"": -60.666666666666664}",105
236c7724-d8ff-46f4-9141-2a021241d77b,Tag3,Carleton University,Canal Building,3,A4,2026-04-01T04:25:37.830917+00:00,0.4790,"{""WAP4"": -60.666666666666664, ""WAP10"": -52.333333333333336, ""WAP1"": -61.333333333333336, ""WAP6"": -56.333333333333336}",105
26cab356-128b-45ac-9fe2-9b2535da4bd5,Tag2,Carleton University,Canal Building,3,C5,2026-04-01T04:25:37.830917+00:00,0.3410,"{""WAP4"": -59.333333333333336, ""WAP10"": -61.0, ""WAP1"": -62.0, ""WAP6"": -60.666666666666664}",105
1966307a-6d5f-4746-a444-57c4be186b21,Tag1,Carleton University,Canal Building,3,B7,2026-04-01T04:25:37.830917+00:00,0.5820,"{""WAP4"": -67.33333333333333, ""WAP10"": -66.33333333333333, ""WAP1"": -68.0, ""WAP6"": -62.0}",105
8cebeb90-d951-49cf-9ed0-07faf2424bf4,Tag2,Carleton University,Canal Building,3,C4,2026-04-01T04:27:28.645612+00:00,0.6480,"{""WAP4"": -58.666666666666664, ""WAP10"": -60.0, ""WAP1"": -61.666666666666664, ""WAP6"": -63.0}",108
e60dfbb6-ea66-4192-9e92-94af1e4336bf,Tag3,Carleton University,Canal Building,3,A1,2026-04-01T04:27:28.645612+00:00,0.5270,"{""WAP4"": -60.666666666666664, ""WAP10"": -53.333333333333336, ""WAP1"": -58.666666666666664, ""WAP6"": -56.333333333333336}",108
395aa1c2-1f04-4f1b-a49c-aea479164b17,Tag2,Carleton University,Canal Building,3,C4,2026-04-01T04:27:28.645612+00:00,0.6480,"{""WAP4"": -58.666666666666664, ""WAP10"": -60.0, ""WAP1"": -61.666666666666664, ""WAP6"": -63.0}",108
a83cebf9-1307-495c-90dc-834193bbb861,Tag1,Carleton University,Canal Building,3,B4,2026-04-01T04:27:28.645612+00:00,1.0000,"{""WAP4"": -76.33333333333333, ""WAP10"": -63.0, ""WAP1"": -71.66666666666667, ""WAP6"": -67.66666666666667}",108
c627b654-8ab6-4f9a-8900-a038ae4bd524,Tag2,Carleton University,Canal Building,3,D7,2026-04-01T04:29:17.290530+00:00,1.0000,"{""WAP4"": -58.0, ""WAP10"": -61.0, ""WAP1"": -61.5, ""WAP6"": -64.0}",110
836e6db9-2c5e-47b1-9b32-a6f26d41b508,Tag3,Carleton University,Canal Building,3,C3,2026-04-01T04:29:17.290530+00:00,0.5400,"{""WAP4"": -61.5, ""WAP10"": -55.0, ""WAP1"": -62.0, ""WAP6"": -63.0}",110
73c2a3d0-dcce-4e7c-91d2-de465b0dbd4b,Tag2,Carleton University,Canal Building,3,D7,2026-04-01T04:29:17.290530+00:00,1.0000,"{""WAP4"": -58.0, ""WAP10"": -61.0, ""WAP1"": -61.5, ""WAP6"": -64.0}",110
b20ff03c-a321-4183-9e65-c47484dc68d3,Tag2,Carleton University,Canal Building,3,D7,2026-04-01T04:30:40.382286+00:00,1.0000,"{""WAP4"": -59.0, ""WAP10"": -62.5, ""WAP1"": -62.0, ""WAP6"": -64.0}",112
b0451769-d88f-4336-acdc-c2b4ef3396fc,Tag3,Carleton University,Canal Building,3,C3,2026-04-01T04:30:40.382286+00:00,1.0000,"{""WAP4"": -62.5, ""WAP10"": -56.0, ""WAP1"": -65.5, ""WAP6"": -62.5}",112
d9dd6f49-0867-49ee-bdde-5b89b10ccaff,Tag2,Carleton University,Canal Building,3,D7,2026-04-01T04:30:40.382286+00:00,1.0000,"{""WAP4"": -59.0, ""WAP10"": -62.5, ""WAP1"": -62.0, ""WAP6"": -64.0}",112
f0d3f108-dd54-4b07-b861-b09a616b0291,Tag2,Carleton University,Canal Building,3,C5,2026-04-01T04:32:24.208651+00:00,0.3540,"{""WAP4"": -58.5, ""WAP10"": -59.5, ""WAP1"": -62.5, ""WAP6"": -64.5}",114
a3cedd8f-43c9-4416-8d85-d7128d6483e5,Tag3,Carleton University,Canal Building,3,C3,2026-04-01T04:32:24.208651+00:00,0.6670,"{""WAP4"": -63.5, ""WAP10"": -56.5, ""WAP1"": -64.5, ""WAP6"": -60.0}",114
3c67e57a-0ad2-48a3-b4df-f54d174c94a5,Tag2,Carleton University,Canal Building,3,C5,2026-04-01T04:32:24.208651+00:00,0.3540,"{""WAP4"": -58.5, ""WAP10"": -59.5, ""WAP1"": -62.5, ""WAP6"": -64.5}",114
3da30033-b7d3-4c06-9adc-dc2830346c8b,Tag2,Carleton University,Canal Building,3,D7,2026-04-01T04:33:46.741564+00:00,0.6460,"{""WAP4"": -59.0, ""WAP10"": -62.5, ""WAP1"": -63.0, ""WAP6"": -63.5}",116
20e87df7-4ece-447d-a14f-c3d07c35affd,Tag3,Carleton University,Canal Building,3,C3,2026-04-01T04:33:46.741564+00:00,1.0000,"{""WAP4"": -62.5, ""WAP10"": -55.5, ""WAP1"": -65.0, ""WAP6"": -58.0}",116
d57fbff0-611e-478e-8f3a-41b75a4bd25e,Tag2,Carleton University,Canal Building,3,D7,2026-04-01T04:33:46.741564+00:00,0.6460,"{""WAP4"": -59.0, ""WAP10"": -62.5, ""WAP1"": -63.0, ""WAP6"": -63.5}",116
e77e9e8d-b31c-4fa9-9b48-cd195b6e34ab,Tag2,Carleton University,Canal Building,3,C4,2026-04-01T04:35:11.963435+00:00,0.6540,"{""WAP4"": -59.0, ""WAP10"": -60.0, ""WAP1"": -62.0, ""WAP6"": -64.0}",118
71e5f381-d598-4021-b763-c706cd67ec57,Tag3,Carleton University,Canal Building,3,C3,2026-04-01T04:35:11.963435+00:00,1.0000,"{""WAP4"": -63.0, ""WAP10"": -54.0, ""WAP1"": -66.0, ""WAP6"": -59.0}",118
2a92630a-77ac-43d0-93f7-43799c309bc6,Tag2,Carleton University,Canal Building,3,C4,2026-04-01T04:35:11.963435+00:00,0.6540,"{""WAP4"": -59.0, ""WAP10"": -60.0, ""WAP1"": -62.0, ""WAP6"": -64.0}",118
437ddfc2-b3d0-49c0-b6ad-7a764f10c8f1,Tag3,Carleton University,Canal Building,3,C3,2026-04-01T04:36:34.581552+00:00,1.0000,"{""WAP4"": -63.0, ""WAP10"": -55.0, ""WAP1"": -66.0, ""WAP6"": -61.0}",120
7e878e6e-9552-45a4-86b5-df3d30ddc772,Tag2,Carleton University,Canal Building,3,C1,2026-04-01T19:13:03.380212+00:00,1.0000,"{""WAP6"": -63.0, ""WAP4"": -63.5, ""WAP1"": -56.5, ""WAP10"": -57.0}",2
8f0d635f-91cd-4daf-ab4e-57ff69b17eb3,Tag2,Carleton University,Canal Building,3,C1,2026-04-01T19:13:03.380212+00:00,1.0000,"{""WAP6"": -63.0, ""WAP4"": -63.5, ""WAP1"": -56.5, ""WAP10"": -57.0}",2
82076e33-21b4-475d-8fdf-7604fe9059d9,Tag2,Carleton University,Canal Building,3,C1,2026-04-01T19:14:24.832795+00:00,1.0000,"{""WAP6"": -60.5, ""WAP4"": -61.5, ""WAP1"": -55.5, ""WAP10"": -57.0}",4
ab352471-4cad-48b5-acb3-3d292e67429f,Tag2,Carleton University,Canal Building,3,C1,2026-04-01T19:14:24.832795+00:00,1.0000,"{""WAP6"": -60.5, ""WAP4"": -61.5, ""WAP1"": -55.5, ""WAP10"": -57.0}",4
e89e748a-f6e6-4f58-bf50-680fd9c566b9,Tag2,Carleton University,Canal Building,3,C1,2026-04-01T19:16:08.721492+00:00,1.0000,"{""WAP6"": -61.0, ""WAP4"": -62.666666666666664, ""WAP1"": -55.333333333333336, ""WAP10"": -56.666666666666664}",7
c773cd42-5cc9-4034-b56f-0df68ebfd112,Tag2,Carleton University,Canal Building,3,C1,2026-04-01T19:16:08.721492+00:00,1.0000,"{""WAP6"": -61.0, ""WAP4"": -62.666666666666664, ""WAP1"": -55.333333333333336, ""WAP10"": -56.666666666666664}",7
7360ff89-79cf-4451-bd57-67bba49f0439,Tag2,Carleton University,Canal Building,3,C4,2026-04-01T19:33:27.520637+00:00,0.5780,"{""WAP1"": -66.0, ""WAP6"": -60.0, ""WAP10"": -62.0, ""WAP4"": -67.0}",1
c55f758e-cc2c-427f-8578-f75d02d9ee85,Tag2,Carleton University,Canal Building,3,C4,2026-04-01T19:33:27.520637+00:00,0.5780,"{""WAP1"": -66.0, ""WAP6"": -60.0, ""WAP10"": -62.0, ""WAP4"": -67.0}",1
084722eb-31f3-4c78-ad3c-88f976d763eb,Tag2,Carleton University,Canal Building,3,A2,2026-04-01T19:34:49.980961+00:00,0.4750,"{""WAP1"": -68.0, ""WAP6"": -53.0, ""WAP10"": -53.0, ""WAP4"": -70.0}",3
cd7b76ae-b350-43a3-a780-6e04f8ed76fd,Tag2,Carleton University,Canal Building,3,A2,2026-04-01T19:34:49.980961+00:00,0.4750,"{""WAP1"": -68.0, ""WAP6"": -53.0, ""WAP10"": -53.0, ""WAP4"": -70.0}",3
8868503b-fec5-4eeb-99aa-aa81bacbd9e9,Tag2,Carleton University,Canal Building,3,A2,2026-04-01T19:36:54.398301+00:00,1.0000,"{""WAP1"": -67.0, ""WAP6"": -54.666666666666664, ""WAP10"": -54.666666666666664, ""WAP4"": -70.66666666666667}",6
9ac76d4f-be90-49f8-9203-fe4b8d6b7c2c,Tag2,Carleton University,Canal Building,3,A2,2026-04-01T19:36:54.398301+00:00,1.0000,"{""WAP1"": -67.0, ""WAP6"": -54.666666666666664, ""WAP10"": -54.666666666666664, ""WAP4"": -70.66666666666667}",6
5e35d85d-6557-4916-aed9-8d1674e9e564,Tag2,Carleton University,Canal Building,3,A2,2026-04-01T19:38:13.249091+00:00,1.0000,"{""WAP1"": -62.0, ""WAP6"": -56.0, ""WAP10"": -57.0, ""WAP4"": -69.5}",8
c5b918ca-3bb3-4fad-9ab1-2658e9983148,Tag2,Carleton University,Canal Building,3,A2,2026-04-01T19:38:13.249091+00:00,1.0000,"{""WAP1"": -62.0, ""WAP6"": -56.0, ""WAP10"": -57.0, ""WAP4"": -69.5}",8
a3e197a6-081e-4c27-9c9d-923d5896086c,Tag2,Carleton University,Canal Building,3,B2,2026-04-01T19:39:31.977245+00:00,1.0000,"{""WAP1"": -64.0, ""WAP6"": -53.5, ""WAP10"": -58.5, ""WAP4"": -67.5}",10
93231776-60ab-4e86-b921-2033611929fa,Tag2,Carleton University,Canal Building,3,B2,2026-04-01T19:39:31.977245+00:00,1.0000,"{""WAP1"": -64.0, ""WAP6"": -53.5, ""WAP10"": -58.5, ""WAP4"": -67.5}",10
11ef9768-615d-4f3d-af48-80ef5af41687,Tag2,Carleton University,Canal Building,3,B4,2026-04-01T19:42:37.013005+00:00,0.6200,"{""WAP1"": -67.0, ""WAP4"": -69.0, ""WAP6"": -61.0, ""WAP10"": -57.0}",2
53eae711-e56d-4cf7-99e7-6a7c416a8027,Tag2,Carleton University,Canal Building,3,B4,2026-04-01T19:42:37.013005+00:00,0.6200,"{""WAP1"": -67.0, ""WAP4"": -69.0, ""WAP6"": -61.0, ""WAP10"": -57.0}",2
3de07a3a-5df5-4442-b7d3-38e7dd36dc84,Tag2,Carleton University,Canal Building,3,B2,2026-04-01T19:43:56.939031+00:00,0.3420,"{""WAP1"": -69.5, ""WAP4"": -70.0, ""WAP6"": -57.5, ""WAP10"": -54.0}",4
5010a654-222d-4387-96c4-25e6b4fb82f1,Tag2,Carleton University,Canal Building,3,B2,2026-04-01T19:43:56.939031+00:00,0.3420,"{""WAP1"": -69.5, ""WAP4"": -70.0, ""WAP6"": -57.5, ""WAP10"": -54.0}",4
426b32ca-bd3c-40c1-b83a-900c48379d78,Tag2,Carleton University,Canal Building,3,A2,2026-04-01T19:45:39.043097+00:00,0.6790,"{""WAP1"": -66.33333333333333, ""WAP4"": -68.66666666666667, ""WAP6"": -55.0, ""WAP10"": -55.333333333333336}",7
defee622-2dca-4c64-b16d-fcd0cfb4f388,Tag2,Carleton University,Canal Building,3,A2,2026-04-01T19:45:39.043097+00:00,0.6790,"{""WAP1"": -66.33333333333333, ""WAP4"": -68.66666666666667, ""WAP6"": -55.0, ""WAP10"": -55.333333333333336}",7
94e9f2ab-ee37-4fb4-97f1-f8fb9ee1cced,Tag2,Carleton University,Canal Building,3,B2,2026-04-01T19:46:58.342800+00:00,0.6620,"{""WAP1"": -65.0, ""WAP4"": -64.0, ""WAP6"": -56.0, ""WAP10"": -56.0}",9
f88ce364-b73e-46c8-bc42-71211a7ce9c4,Tag2,Carleton University,Canal Building,3,B2,2026-04-01T19:46:58.342800+00:00,0.6620,"{""WAP1"": -65.0, ""WAP4"": -64.0, ""WAP6"": -56.0, ""WAP10"": -56.0}",9
a23e53b5-90d2-4458-b7fe-1e7a0017dcd3,Tag2,Carleton University,Canal Building,3,C5,2026-04-01T21:22:31.889944+00:00,0.3620,"{""WAP4"": -65.0, ""WAP10"": -48.5, ""WAP1"": -62.5, ""WAP6"": -59.5}",2
4eb941bf-ee0f-4072-a468-804a23bde82e,Tag2,Carleton University,Canal Building,3,C5,2026-04-01T21:22:31.889944+00:00,0.3620,"{""WAP4"": -65.0, ""WAP10"": -48.5, ""WAP1"": -62.5, ""WAP6"": -59.5}",2
05dabb7c-364a-4260-b457-9a80d2db07d9,Tag2,Carleton University,Canal Building,3,C3,2026-04-01T21:23:52.446713+00:00,0.3830,"{""WAP4"": -65.5, ""WAP10"": -49.0, ""WAP1"": -63.0, ""WAP6"": -58.0}",4
4bd63138-700c-4810-b7bd-a1218fa574f1,Tag2,Carleton University,Canal Building,3,C3,2026-04-01T21:23:52.446713+00:00,0.3830,"{""WAP4"": -65.5, ""WAP10"": -49.0, ""WAP1"": -63.0, ""WAP6"": -58.0}",4
4382c5f8-08bf-4954-ac7b-44b1f7b8980f,Tag2,Carleton University,Canal Building,3,B3,2026-04-01T21:25:33.893955+00:00,1.0000,"{""WAP4"": -65.66666666666667, ""WAP10"": -48.666666666666664, ""WAP1"": -64.66666666666667, ""WAP6"": -55.333333333333336}",7
ee3c3fb6-6ea1-4e13-8397-8abcfd329f98,Tag2,Carleton University,Canal Building,3,B3,2026-04-01T21:25:33.893955+00:00,1.0000,"{""WAP4"": -65.66666666666667, ""WAP10"": -48.666666666666664, ""WAP1"": -64.66666666666667, ""WAP6"": -55.333333333333336}",7
18d04782-0a5b-49bd-99b9-00d630320366,Tag2,Carleton University,Canal Building,3,C4,2026-04-01T21:27:15.329735+00:00,0.3450,"{""WAP4"": -64.66666666666667, ""WAP10"": -49.0, ""WAP1"": -61.666666666666664, ""WAP6"": -59.333333333333336}",10
2105a46b-ce97-421e-a6e1-a6020202e70c,Tag2,Carleton University,Canal Building,3,C4,2026-04-01T21:27:15.329735+00:00,0.3450,"{""WAP4"": -64.66666666666667, ""WAP10"": -49.0, ""WAP1"": -61.666666666666664, ""WAP6"": -59.333333333333336}",10
44c9a832-75a0-4fc4-a966-c4ee5e8714c9,Tag2,Carleton University,Canal Building,3,C4,2026-04-01T21:28:33.723463+00:00,0.7130,"{""WAP4"": -66.0, ""WAP10"": -51.0, ""WAP1"": -60.5, ""WAP6"": -60.5}",12
44eaea1b-8326-4477-a02c-d08afb38441c,Tag2,Carleton University,Canal Building,3,C4,2026-04-01T21:28:33.723463+00:00,0.7130,"{""WAP4"": -66.0, ""WAP10"": -51.0, ""WAP1"": -60.5, ""WAP6"": -60.5}",12
2e125d15-1e09-422a-b13b-4cf33667ab5c,Tag2,Carleton University,Canal Building,3,A4,2026-04-01T21:30:15.731704+00:00,0.7270,"{""WAP4"": -66.0, ""WAP10"": -48.0, ""WAP1"": -59.0, ""WAP6"": -58.0}",15
f8ea4a7c-09e7-495d-b546-1545293989da,Tag2,Carleton University,Canal Building,3,A4,2026-04-01T21:30:15.731704+00:00,0.7270,"{""WAP4"": -66.0, ""WAP10"": -48.0, ""WAP1"": -59.0, ""WAP6"": -58.0}",15
0a96edba-724d-4921-a24a-9c33f2c95632,Tag2,Carleton University,Canal Building,3,C4,2026-04-01T21:31:34.214129+00:00,0.6680,"{""WAP4"": -65.5, ""WAP10"": -48.5, ""WAP1"": -60.0, ""WAP6"": -60.5}",17
10053683-dd6d-4908-9f05-9028c4528c76,Tag2,Carleton University,Canal Building,3,C4,2026-04-01T21:31:34.214129+00:00,0.6680,"{""WAP4"": -65.5, ""WAP10"": -48.5, ""WAP1"": -60.0, ""WAP6"": -60.5}",17
753b71b5-2aee-4602-b634-7e6e66058727,Tag2,Carleton University,Canal Building,3,C4,2026-04-01T21:33:16.398567+00:00,0.6730,"{""WAP4"": -65.66666666666667, ""WAP10"": -47.666666666666664, ""WAP1"": -59.0, ""WAP6"": -61.333333333333336}",20
a779e3a9-c646-4764-a879-6c20b8a4ec7b,Tag2,Carleton University,Canal Building,3,C4,2026-04-01T21:33:16.398567+00:00,0.6730,"{""WAP4"": -65.66666666666667, ""WAP10"": -47.666666666666664, ""WAP1"": -59.0, ""WAP6"": -61.333333333333336}",20
7a5456b7-b0b1-4f73-b849-42d93139cff9,Tag2,Carleton University,Canal Building,3,C4,2026-04-01T21:35:28.272253+00:00,0.3730,"{""WAP4"": -65.5, ""WAP10"": -48.5, ""WAP1"": -61.5, ""WAP6"": -59.5}",22
03d7c600-3410-4e02-91e2-8befbc6c604e,Tag2,Carleton University,Canal Building,3,C4,2026-04-01T21:35:28.272253+00:00,0.3730,"{""WAP4"": -65.5, ""WAP10"": -48.5, ""WAP1"": -61.5, ""WAP6"": -59.5}",22
06323a58-9206-4599-be14-8998807bd98d,Tag2,Carleton University,Canal Building,3,A4,2026-04-01T21:36:47.567299+00:00,0.6740,"{""WAP4"": -65.5, ""WAP10"": -47.5, ""WAP1"": -60.5, ""WAP6"": -59.0}",24
c9df8606-18b2-4d98-9111-35f441d0f4b5,Tag2,Carleton University,Canal Building,3,A4,2026-04-01T21:36:47.567299+00:00,0.6740,"{""WAP4"": -65.5, ""WAP10"": -47.5, ""WAP1"": -60.5, ""WAP6"": -59.0}",24
a3f2073c-a20f-43d9-87a9-42c4b1f9cef8,Tag2,Carleton University,Canal Building,3,C4,2026-04-01T21:38:29.494534+00:00,0.6760,"{""WAP4"": -65.0, ""WAP10"": -48.666666666666664, ""WAP1"": -61.0, ""WAP6"": -60.666666666666664}",27
80ed54a8-6c04-469e-bbeb-88bff256a234,Tag2,Carleton University,Canal Building,3,C4,2026-04-01T21:38:29.494534+00:00,0.6760,"{""WAP4"": -65.0, ""WAP10"": -48.666666666666664, ""WAP1"": -61.0, ""WAP6"": -60.666666666666664}",27
743fccae-11b4-4ab3-add9-f779b0c234af,Tag2,Carleton University,Canal Building,3,C4,2026-04-01T21:40:11.397025+00:00,0.3440,"{""WAP4"": -65.0, ""WAP10"": -47.0, ""WAP1"": -60.0, ""WAP6"": -61.0}",29
553ab888-ba9a-471d-83b8-3b7c4a55e203,Tag2,Carleton University,Canal Building,3,C4,2026-04-01T21:40:11.397025+00:00,0.3440,"{""WAP4"": -65.0, ""WAP10"": -47.0, ""WAP1"": -60.0, ""WAP6"": -61.0}",29
14418c24-ff2d-4cd4-8e87-4fc621e95954,Tag2,Carleton University,Canal Building,3,C3,2026-04-01T21:41:30.389335+00:00,1.0000,"{""WAP4"": -63.0, ""WAP10"": -54.5, ""WAP1"": -66.0, ""WAP6"": -61.5}",31
0a1639f1-9a12-44c1-b374-7cb299fa03af,Tag2,Carleton University,Canal Building,3,C3,2026-04-01T21:41:30.389335+00:00,1.0000,"{""WAP4"": -63.0, ""WAP10"": -54.5, ""WAP1"": -66.0, ""WAP6"": -61.5}",31
bc7cde33-1f16-4df0-b422-aca644ac9db6,Tag2,Carleton University,Canal Building,3,C3,2026-04-01T21:43:12.038360+00:00,1.0000,"{""WAP4"": -62.0, ""WAP10"": -55.333333333333336, ""WAP1"": -66.0, ""WAP6"": -60.333333333333336}",34
3d85bd3f-2aea-49d1-b37e-133890c8ede6,Tag2,Carleton University,Canal Building,3,C3,2026-04-01T21:43:12.038360+00:00,1.0000,"{""WAP4"": -62.0, ""WAP10"": -55.333333333333336, ""WAP1"": -66.0, ""WAP6"": -60.333333333333336}",34
2dd7b72f-70bd-4efa-893a-b5f00fb1574b,Tag2,Carleton University,Canal Building,3,C4,2026-04-01T21:44:30.555225+00:00,0.6970,"{""WAP4"": -67.0, ""WAP10"": -57.5, ""WAP1"": -62.0, ""WAP6"": -58.5}",36
acebe35d-02bc-4e08-8e91-879f888cc181,Tag2,Carleton University,Canal Building,3,C4,2026-04-01T21:44:30.555225+00:00,0.6970,"{""WAP4"": -67.0, ""WAP10"": -57.5, ""WAP1"": -62.0, ""WAP6"": -58.5}",36
d6dfb2f8-c325-4c6e-b15a-32a884aa4543,Tag2,Carleton University,Canal Building,3,C1,2026-04-01T21:46:12.324969+00:00,0.6350,"{""WAP4"": -65.0, ""WAP10"": -55.333333333333336, ""WAP1"": -57.666666666666664, ""WAP6"": -58.666666666666664}",39
dbaf4c4b-20f8-4acd-bd90-0fb40e3b9fc7,Tag2,Carleton University,Canal Building,3,C1,2026-04-01T21:46:12.324969+00:00,0.6350,"{""WAP4"": -65.0, ""WAP10"": -55.333333333333336, ""WAP1"": -57.666666666666664, ""WAP6"": -58.666666666666664}",39
6e3bf0a6-7688-43df-869a-065487195e03,Tag2,Carleton University,Canal Building,3,C1,2026-04-01T21:47:53.753984+00:00,1.0000,"{""WAP4"": -64.5, ""WAP10"": -57.0, ""WAP1"": -55.5, ""WAP6"": -58.5}",41
b3739334-9521-4c55-81dd-3f672add204d,Tag2,Carleton University,Canal Building,3,C1,2026-04-01T21:47:53.753984+00:00,1.0000,"{""WAP4"": -64.5, ""WAP10"": -57.0, ""WAP1"": -55.5, ""WAP6"": -58.5}",41
fb342c9a-6d72-4d08-bf86-4b2858fb3806,Tag2,Carleton University,Canal Building,3,C1,2026-04-01T21:49:12.931079+00:00,1.0000,"{""WAP4"": -64.5, ""WAP10"": -57.5, ""WAP1"": -56.5, ""WAP6"": -60.0}",43
74c63b68-8f6f-488d-a6cf-0aa2e043acad,Tag2,Carleton University,Canal Building,3,C1,2026-04-01T21:49:12.931079+00:00,1.0000,"{""WAP4"": -64.5, ""WAP10"": -57.5, ""WAP1"": -56.5, ""WAP6"": -60.0}",43
b5456d11-65d6-4544-a867-d365b44dcd04,Tag2,Carleton University,Canal Building,3,C1,2026-04-01T21:50:54.630066+00:00,1.0000,"{""WAP4"": -64.0, ""WAP10"": -57.333333333333336, ""WAP1"": -56.333333333333336, ""WAP6"": -59.666666666666664}",46
464768f6-ecaf-41b5-98d0-283c2f21cf6b,Tag2,Carleton University,Canal Building,3,C1,2026-04-01T21:50:54.630066+00:00,1.0000,"{""WAP4"": -64.0, ""WAP10"": -57.333333333333336, ""WAP1"": -56.333333333333336, ""WAP6"": -59.666666666666664}",46
fe9221ab-649b-40dc-aa5a-a34f101c37b0,Tag2,Carleton University,Canal Building,3,C4,2026-04-01T21:52:12.969811+00:00,0.6950,"{""WAP4"": -66.0, ""WAP10"": -58.0, ""WAP1"": -56.5, ""WAP6"": -64.0}",48
4abea6e7-e981-4606-a737-9db48d4e4321,Tag2,Carleton University,Canal Building,3,C4,2026-04-01T21:52:12.969811+00:00,0.6950,"{""WAP4"": -66.0, ""WAP10"": -58.0, ""WAP1"": -56.5, ""WAP6"": -64.0}",48
c769fceb-91cd-4fe3-b74b-94addad68c73,Tag2,Carleton University,Canal Building,3,C1,2026-04-01T21:53:54.696081+00:00,1.0000,"{""WAP4"": -65.0, ""WAP10"": -57.0, ""WAP1"": -56.666666666666664, ""WAP6"": -60.333333333333336}",51
b4fb4456-0d69-40cd-a3b3-b40060c366fe,Tag2,Carleton University,Canal Building,3,C1,2026-04-01T21:53:54.696081+00:00,1.0000,"{""WAP4"": -65.0, ""WAP10"": -57.0, ""WAP1"": -56.666666666666664, ""WAP6"": -60.333333333333336}",51
ed3b6bf0-0c4a-4dd9-b544-ffe04abf5b17,Tag2,Carleton University,Canal Building,3,C1,2026-04-01T21:55:13.355449+00:00,0.6670,"{""WAP4"": -65.0, ""WAP10"": -56.0, ""WAP1"": -57.0, ""WAP6"": -61.0}",53
e6d91914-c23b-402b-916a-2171e3587863,Tag2,Carleton University,Canal Building,3,C1,2026-04-01T21:55:13.355449+00:00,0.6670,"{""WAP4"": -65.0, ""WAP10"": -56.0, ""WAP1"": -57.0, ""WAP6"": -61.0}",53
d40070d5-0919-455b-8f24-35f14eb4a35b,Tag2,Carleton University,Canal Building,3,C1,2026-04-01T21:56:32.287463+00:00,0.6760,"{""WAP4"": -65.0, ""WAP10"": -53.5, ""WAP1"": -57.0, ""WAP6"": -60.5}",55
b19d8b6b-fde4-44b8-8650-b74cfe1b6841,Tag2,Carleton University,Canal Building,3,C1,2026-04-01T21:56:32.287463+00:00,0.6760,"{""WAP4"": -65.0, ""WAP10"": -53.5, ""WAP1"": -57.0, ""WAP6"": -60.5}",55
8b825d86-f230-4603-b29f-eeccaf79a530,Tag2,Carleton University,Canal Building,3,C1,2026-04-01T21:57:50.794047+00:00,1.0000,"{""WAP4"": -65.0, ""WAP10"": -55.0, ""WAP1"": -56.0, ""WAP6"": -61.0}",57
4f02fd4f-9ead-4208-87a4-f18a256035fd,Tag2,Carleton University,Canal Building,3,C1,2026-04-01T21:57:50.794047+00:00,1.0000,"{""WAP4"": -65.0, ""WAP10"": -55.0, ""WAP1"": -56.0, ""WAP6"": -61.0}",57
c44de78f-7871-42ce-8c29-dacc7c7ac51a,Tag2,Carleton University,Canal Building,3,C2,2026-04-01T21:59:33.030841+00:00,0.3960,"{""WAP4"": -65.0, ""WAP10"": -54.333333333333336, ""WAP1"": -56.333333333333336, ""WAP6"": -56.666666666666664}",60
f0047baa-9fe7-4d91-a461-1d8721cbffae,Tag2,Carleton University,Canal Building,3,C2,2026-04-01T21:59:33.030841+00:00,0.3960,"{""WAP4"": -65.0, ""WAP10"": -54.333333333333336, ""WAP1"": -56.333333333333336, ""WAP6"": -56.666666666666664}",60
0ae4f5df-1e6b-4066-bc35-e690546b136c,Tag2,Carleton University,Canal Building,3,C1,2026-04-01T22:00:51.912789+00:00,1.0000,"{""WAP4"": -64.5, ""WAP10"": -54.5, ""WAP1"": -55.5, ""WAP6"": -62.0}",62
be304343-11b2-465f-8b68-d36ac38467ef,Tag2,Carleton University,Canal Building,3,C1,2026-04-01T22:00:51.912789+00:00,1.0000,"{""WAP4"": -64.5, ""WAP10"": -54.5, ""WAP1"": -55.5, ""WAP6"": -62.0}",62
3e412e3a-102c-4afe-80d2-c78b8f2e6550,Tag2,Carleton University,Canal Building,3,C1,2026-04-01T22:02:33.345000+00:00,1.0000,"{""WAP4"": -65.33333333333333, ""WAP10"": -55.0, ""WAP1"": -54.333333333333336, ""WAP6"": -57.0}",65
00c55ca7-f450-4306-b4fe-b1dfac88ed04,Tag2,Carleton University,Canal Building,3,C1,2026-04-01T22:02:33.345000+00:00,1.0000,"{""WAP4"": -65.33333333333333, ""WAP10"": -55.0, ""WAP1"": -54.333333333333336, ""WAP6"": -57.0}",65
f22b3e2d-4409-4b52-aed4-1ed45e8c8f6d,Tag2,Carleton University,Canal Building,3,C1,2026-04-01T22:03:52.662906+00:00,1.0000,"{""WAP4"": -64.0, ""WAP10"": -57.5, ""WAP1"": -57.0, ""WAP6"": -60.5}",67
0f7ee488-f891-4101-ae42-5e4bb080faf4,Tag2,Carleton University,Canal Building,3,C1,2026-04-01T22:03:52.662906+00:00,1.0000,"{""WAP4"": -64.0, ""WAP10"": -57.5, ""WAP1"": -57.0, ""WAP6"": -60.5}",67
5aed7c71-31da-4dbe-82c8-035cb4ada6c7,Tag2,Carleton University,Canal Building,3,C4,2026-04-01T22:05:34.576536+00:00,1.0000,"{""WAP4"": -66.33333333333333, ""WAP10"": -51.0, ""WAP1"": -59.0, ""WAP6"": -62.666666666666664}",70
f527cc52-a394-4016-bfd6-b8e4cc68cfed,Tag2,Carleton University,Canal Building,3,C4,2026-04-01T22:05:34.576536+00:00,1.0000,"{""WAP4"": -66.33333333333333, ""WAP10"": -51.0, ""WAP1"": -59.0, ""WAP6"": -62.666666666666664}",70
85e9f4a8-605c-4c5c-8cee-7790fec6cc07,Tag2,Carleton University,Canal Building,3,C4,2026-04-01T22:07:16.015978+00:00,0.6640,"{""WAP4"": -67.5, ""WAP10"": -52.0, ""WAP1"": -60.0, ""WAP6"": -60.5}",72
1d41a22a-9c5e-432c-8438-ae702e230dd1,Tag2,Carleton University,Canal Building,3,C4,2026-04-01T22:07:16.015978+00:00,0.6640,"{""WAP4"": -67.5, ""WAP10"": -52.0, ""WAP1"": -60.0, ""WAP6"": -60.5}",72
f4052d28-6460-459d-90af-33a57433b981,Tag2,Carleton University,Canal Building,3,C4,2026-04-01T22:08:34.392588+00:00,0.7670,"{""WAP4"": -66.5, ""WAP10"": -51.5, ""WAP1"": -59.5, ""WAP6"": -63.5}",74
d31d8234-cfca-4a33-b69b-03fd027c0741,Tag2,Carleton University,Canal Building,3,C4,2026-04-01T22:08:34.392588+00:00,0.7670,"{""WAP4"": -66.5, ""WAP10"": -51.5, ""WAP1"": -59.5, ""WAP6"": -63.5}",74
df1d8a84-bf63-4704-88a0-ea48325371d4,Tag2,Carleton University,Canal Building,3,C1,2026-04-01T22:10:16.092598+00:00,0.3760,"{""WAP4"": -66.66666666666667, ""WAP10"": -51.666666666666664, ""WAP1"": -57.0, ""WAP6"": -62.666666666666664}",77
166d41ff-743b-499f-aac3-9bcf9b2c18df,Tag2,Carleton University,Canal Building,3,C1,2026-04-01T22:10:16.092598+00:00,0.3760,"{""WAP4"": -66.66666666666667, ""WAP10"": -51.666666666666664, ""WAP1"": -57.0, ""WAP6"": -62.666666666666664}",77
7642ce2e-c939-4b6f-9d4d-ec8f3d195f8d,Tag2,Carleton University,Canal Building,3,C4,2026-04-01T22:11:35.423450+00:00,1.0000,"{""WAP4"": -66.5, ""WAP10"": -52.0, ""WAP1"": -59.5, ""WAP6"": -63.0}",79
dbb3c133-04ef-4535-beda-65cb5a48ffeb,Tag2,Carleton University,Canal Building,3,C4,2026-04-01T22:11:35.423450+00:00,1.0000,"{""WAP4"": -66.5, ""WAP10"": -52.0, ""WAP1"": -59.5, ""WAP6"": -63.0}",79
87e40268-9085-433f-89d5-a4c219236d88,Tag2,Carleton University,Canal Building,3,C4,2026-04-01T22:13:16.851753+00:00,0.6780,"{""WAP4"": -69.0, ""WAP10"": -53.0, ""WAP1"": -58.0, ""WAP6"": -61.666666666666664}",82
0b79efbe-0d89-4a8c-8d25-234b208cbd4e,Tag2,Carleton University,Canal Building,3,C4,2026-04-01T22:13:16.851753+00:00,0.6780,"{""WAP4"": -69.0, ""WAP10"": -53.0, ""WAP1"": -58.0, ""WAP6"": -61.666666666666664}",82
f56730c4-c688-4dad-b767-0eadfde159c6,Tag2,Carleton University,Canal Building,3,B4,2026-04-01T22:14:58.264485+00:00,0.6900,"{""WAP4"": -70.0, ""WAP10"": -53.0, ""WAP1"": -59.5, ""WAP6"": -61.5}",84
00a05c09-cc64-4e37-9be4-c94c29a6e65d,Tag2,Carleton University,Canal Building,3,B4,2026-04-01T22:14:58.264485+00:00,0.6900,"{""WAP4"": -70.0, ""WAP10"": -53.0, ""WAP1"": -59.5, ""WAP6"": -61.5}",84
f34b4167-a332-46eb-809a-9d03b26bc33a,Tag2,Carleton University,Canal Building,3,C1,2026-04-01T22:16:16.681622+00:00,0.7140,"{""WAP4"": -68.0, ""WAP10"": -52.5, ""WAP1"": -56.5, ""WAP6"": -64.5}",86
98981d5e-bc94-43c6-8659-9aff03a08f51,Tag2,Carleton University,Canal Building,3,C1,2026-04-01T22:16:16.681622+00:00,0.7140,"{""WAP4"": -68.0, ""WAP10"": -52.5, ""WAP1"": -56.5, ""WAP6"": -64.5}",86
843ccfc7-1ccd-4aaa-9aa3-793673174314,Tag2,Carleton University,Canal Building,3,C4,2026-04-01T22:17:58.628326+00:00,0.6280,"{""WAP4"": -66.66666666666667, ""WAP10"": -53.333333333333336, ""WAP1"": -57.0, ""WAP6"": -63.0}",89
eed2f628-08dd-45b7-842a-842672ee90f8,Tag2,Carleton University,Canal Building,3,C4,2026-04-01T22:17:58.628326+00:00,0.6280,"{""WAP4"": -66.66666666666667, ""WAP10"": -53.333333333333336, ""WAP1"": -57.0, ""WAP6"": -63.0}",89
47320487-f885-4f04-915b-dae8600fb323,Tag2,Carleton University,Canal Building,3,C1,2026-04-01T22:19:17.707285+00:00,0.4020,"{""WAP4"": -68.0, ""WAP10"": -51.5, ""WAP1"": -56.5, ""WAP6"": -61.0}",91
5749e99c-ce4b-4c36-9110-8b4847002c8a,Tag2,Carleton University,Canal Building,3,C1,2026-04-01T22:19:17.707285+00:00,0.4020,"{""WAP4"": -68.0, ""WAP10"": -51.5, ""WAP1"": -56.5, ""WAP6"": -61.0}",91
18fd32f4-8c82-4473-86ae-3e1aba37ceb3,Tag2,Carleton University,Canal Building,3,C1,2026-04-01T22:20:59.276011+00:00,1.0000,"{""WAP4"": -68.33333333333333, ""WAP10"": -54.0, ""WAP1"": -54.333333333333336, ""WAP6"": -58.333333333333336}",94
eed83a65-421d-4643-b456-f981cbe6f133,Tag2,Carleton University,Canal Building,3,C1,2026-04-01T22:20:59.276011+00:00,1.0000,"{""WAP4"": -68.33333333333333, ""WAP10"": -54.0, ""WAP1"": -54.333333333333336, ""WAP6"": -58.333333333333336}",94
4d960605-05d8-4683-813c-d8a1356dddb1,Tag2,Carleton University,Canal Building,3,B4,2026-04-01T22:22:18.089905+00:00,1.0000,"{""WAP4"": -70.0, ""WAP10"": -52.5, ""WAP1"": -59.0, ""WAP6"": -64.5}",96
de11fb5e-9aa1-4e47-9b49-32c011f85f13,Tag2,Carleton University,Canal Building,3,B4,2026-04-01T22:22:18.089905+00:00,1.0000,"{""WAP4"": -70.0, ""WAP10"": -52.5, ""WAP1"": -59.0, ""WAP6"": -64.5}",96
5719d126-8380-4a0d-a372-25191f771eba,Tag2,Carleton University,Canal Building,3,C4,2026-04-01T22:23:36.498853+00:00,0.6820,"{""WAP4"": -68.0, ""WAP10"": -55.0, ""WAP1"": -58.0, ""WAP6"": -61.0}",98
978d3ab0-8173-4918-a083-52371c00960c,Tag2,Carleton University,Canal Building,3,C4,2026-04-01T22:23:36.498853+00:00,0.6820,"{""WAP4"": -68.0, ""WAP10"": -55.0, ""WAP1"": -58.0, ""WAP6"": -61.0}",98
053c9569-d42b-4eeb-a88e-34b497c1962e,Tag2,Carleton University,Canal Building,3,A4,2026-04-01T22:24:55.229211+00:00,0.3450,"{""WAP4"": -68.5, ""WAP10"": -53.5, ""WAP1"": -58.0, ""WAP6"": -60.5}",100
876baf41-8bd1-41a4-8434-6be80a525610,Tag2,Carleton University,Canal Building,3,A4,2026-04-01T22:24:55.229211+00:00,0.3450,"{""WAP4"": -68.5, ""WAP10"": -53.5, ""WAP1"": -58.0, ""WAP6"": -60.5}",100
d3f933ab-5fd6-43dd-8dda-6ecdb51e23cb,Tag2,Carleton University,Canal Building,3,C4,2026-04-01T22:26:37.433090+00:00,0.3510,"{""WAP4"": -67.33333333333333, ""WAP10"": -51.333333333333336, ""WAP1"": -57.333333333333336, ""WAP6"": -61.333333333333336}",103
d8ba08ac-1e54-44f0-a721-fa83b7ee4573,Tag2,Carleton University,Canal Building,3,C4,2026-04-01T22:26:37.433090+00:00,0.3510,"{""WAP4"": -67.33333333333333, ""WAP10"": -51.333333333333336, ""WAP1"": -57.333333333333336, ""WAP6"": -61.333333333333336}",103
c6690a33-d562-4ae8-b397-2b5897063cb6,Tag2,Carleton University,Canal Building,3,C4,2026-04-01T22:27:56.418775+00:00,0.4330,"{""WAP4"": -65.5, ""WAP10"": -51.5, ""WAP1"": -59.5, ""WAP6"": -60.5}",105
adc4c301-c8c8-4dc1-af97-58ff501e7648,Tag2,Carleton University,Canal Building,3,C4,2026-04-01T22:27:56.418775+00:00,0.4330,"{""WAP4"": -65.5, ""WAP10"": -51.5, ""WAP1"": -59.5, ""WAP6"": -60.5}",105
39a0001b-0cef-442d-bbd1-1cfaf3500030,Tag2,Carleton University,Canal Building,3,C1,2026-04-01T22:29:38.422601+00:00,0.6770,"{""WAP4"": -67.33333333333333, ""WAP10"": -56.666666666666664, ""WAP1"": -58.0, ""WAP6"": -59.333333333333336}",108
a678711c-8217-4abb-89b8-bc4ace265d16,Tag2,Carleton University,Canal Building,3,C1,2026-04-01T22:29:38.422601+00:00,0.6770,"{""WAP4"": -67.33333333333333, ""WAP10"": -56.666666666666664, ""WAP1"": -58.0, ""WAP6"": -59.333333333333336}",108
21724a63-90b9-486b-b0fb-4d198e080d30,Tag2,Carleton University,Canal Building,3,C1,2026-04-01T22:30:57.437469+00:00,0.6600,"{""WAP4"": -67.0, ""WAP10"": -52.0, ""WAP1"": -55.0, ""WAP6"": -57.0}",110
f340f864-b8e1-4f7e-aa0c-9cd36228db8d,Tag2,Carleton University,Canal Building,3,C1,2026-04-01T22:30:57.437469+00:00,0.6600,"{""WAP4"": -67.0, ""WAP10"": -52.0, ""WAP1"": -55.0, ""WAP6"": -57.0}",110
