_id,device_id,campus_id,building_id,floor_id,room_id,timestamp,confidence,rssi_vector,x,y,scan_number
b20da0ab-702e-4f08-85fe-f1321d1809da,Tag2,Carleton University,Canal Building,3,B2,2026-03-31T18:08:20.660743+00:00,0.3030,"{""WAP6"": -53.0, ""WAP4"": -67.0, ""WAP1"": -61.0, ""WAP10"": -51.0}",2.2000,3.2200,1
0fa22df1-5ae8-4b24-963f-4ac9a1587654,Tag2,Carleton University,Canal Building,3,B2,2026-03-31T18:08:20.660743+00:00,0.3030,"{""WAP6"": -53.0, ""WAP4"": -67.0, ""WAP1"": -61.0, ""WAP10"": -51.0}",2.2000,3.2200,1
cee22031-fce3-483b-a711-18192e3ab00f,Tag2,Carleton University,Canal Building,3,B2,2026-03-31T18:10:01.263474+00:00,0.3030,"{""WAP6"": -53.333333333333336, ""WAP4"": -64.66666666666667, ""WAP1"": -59.666666666666664, ""WAP10"": -51.666666666666664}",2.4700,3.2800,4
57e1e9b0-909b-4d78-ae58-42e7fe120a8c,Tag2,Carleton University,Canal Building,3,B2,2026-03-31T18:10:01.263474+00:00,0.3030,"{""WAP6"": -53.333333333333336, ""WAP4"": -64.66666666666667, ""WAP1"": -59.666666666666664, ""WAP10"": -51.666666666666664}",2.4700,3.2800,4
254a0589-6582-4b30-9817-58464a2c001f,Tag2,Carleton University,Canal Building,3,B2,2026-03-31T18:11:19.014214+00:00,0.3040,"{""WAP6"": -53.0, ""WAP4"": -65.0, ""WAP1"": -60.0, ""WAP10"": -52.0}",2.4400,3.2100,6
d20f7ebd-49a3-45e5-ae81-8c5ae09a683f,Tag2,Carleton University,Canal Building,3,B2,2026-03-31T18:11:19.014214+00:00,0.3040,"{""WAP6"": -53.0, ""WAP4"": -65.0, ""WAP1"": -60.0, ""WAP10"": -52.0}",2.4400,3.2100,6
d3d88f6f-31a5-4270-a55f-7d9a85459623,Tag2,Carleton University,Canal Building,3,B2,2026-03-31T18:12:36.266097+00:00,0.3010,"{""WAP6"": -53.5, ""WAP4"": -64.0, ""WAP1"": -57.5, ""WAP10"": -52.5}",2.7900,2.4500,8
77177f36-fa3f-4f7d-938a-97d10d452aee,Tag2,Carleton University,Canal Building,3,B2,2026-03-31T18:12:36.266097+00:00,0.3010,"{""WAP6"": -53.5, ""WAP4"": -64.0, ""WAP1"": -57.5, ""WAP10"": -52.5}",2.7900,2.4500,8
d037473a-3b0d-4892-8da5-362acbbd78a5,Tag2,Carleton University,Canal Building,3,B2,2026-03-31T18:13:55.048485+00:00,0.3000,"{""WAP6"": -51.0, ""WAP4"": -64.0, ""WAP1"": -57.0, ""WAP10"": -51.5}",2.7800,2.1600,10
7704ca43-9f72-48a2-a46c-8313303522ac,Tag2,Carleton University,Canal Building,3,B2,2026-03-31T18:13:55.048485+00:00,0.3000,"{""WAP6"": -51.0, ""WAP4"": -64.0, ""WAP1"": -57.0, ""WAP10"": -51.5}",2.7800,2.1600,10
456fd76a-49b2-4bab-9d8e-b0dab9ce2e7d,Tag2,Carleton University,Canal Building,3,A7,2026-03-31T21:47:51.280722+00:00,0.2820,"{""WAP1"": -45.5, ""WAP10"": -65.5, ""WAP6"": -70.0, ""WAP4"": -64.5}",0.6700,13.6900,2
4dc3ec47-efb8-4a30-8c43-15b4f45dc178,Tag2,Carleton University,Canal Building,3,A7,2026-03-31T21:47:51.280722+00:00,0.2820,"{""WAP1"": -45.5, ""WAP10"": -65.5, ""WAP6"": -70.0, ""WAP4"": -64.5}",0.6700,13.6900,2
c0687615-a454-4590-8550-13de82fed07c,Tag2,Carleton University,Canal Building,3,A7,2026-03-31T21:49:31.756835+00:00,0.2740,"{""WAP1"": -49.666666666666664, ""WAP10"": -66.33333333333333, ""WAP6"": -71.33333333333333, ""WAP4"": -64.33333333333333}",0.2000,13.9100,5
e89dd468-5e95-4f42-9895-a7a0226ad100,Tag2,Carleton University,Canal Building,3,A7,2026-03-31T21:49:31.756835+00:00,0.2740,"{""WAP1"": -49.666666666666664, ""WAP10"": -66.33333333333333, ""WAP6"": -71.33333333333333, ""WAP4"": -64.33333333333333}",0.2000,13.9100,5
746979a9-1e19-469b-af5d-3a96a01548fe,Tag2,Carleton University,Canal Building,3,A7,2026-03-31T21:51:08.823673+00:00,0.2710,"{""WAP1"": -44.0, ""WAP10"": -68.0, ""WAP6"": -72.33333333333333, ""WAP4"": -64.66666666666667}",0.2600,13.9100,8
59eef190-7f5b-4388-ac73-e02e2a354d45,Tag2,Carleton University,Canal Building,3,A7,2026-03-31T21:51:08.823673+00:00,0.2710,"{""WAP1"": -44.0, ""WAP10"": -68.0, ""WAP6"": -72.33333333333333, ""WAP4"": -64.66666666666667}",0.2600,13.9100,8
3c63ecf5-588f-4655-89be-395a824157a9,Tag2,Carleton University,Canal Building,3,A7,2026-03-31T21:52:46.613494+00:00,0.2650,"{""WAP1"": -46.666666666666664, ""WAP10"": -66.0, ""WAP6"": -65.66666666666667, ""WAP4"": -64.0}",0.7100,12.6500,11
1d27fbf7-980c-4acf-aea6-65c37aa46e42,Tag2,Carleton University,Canal Building,3,A7,2026-03-31T21:52:46.613494+00:00,0.2650,"{""WAP1"": -46.666666666666664, ""WAP10"": -66.0, ""WAP6"": -65.66666666666667, ""WAP4"": -64.0}",0.7100,12.6500,11
eb4ed4d5-c3a9-4841-806c-a3dfd4ee437f,Tag2,Carleton University,Canal Building,3,A7,2026-03-31T21:54:24.805348+00:00,0.2770,"{""WAP1"": -47.333333333333336, ""WAP10"": -66.66666666666667, ""WAP6"": -67.66666666666667, ""WAP4"": -65.33333333333333}",0.5500,13.8400,14
359d314b-1b58-4803-8926-6f0306816a78,Tag2,Carleton University,Canal Building,3,A7,2026-03-31T21:54:24.805348+00:00,0.2770,"{""WAP1"": -47.333333333333336, ""WAP10"": -66.66666666666667, ""WAP6"": -67.66666666666667, ""WAP4"": -65.33333333333333}",0.5500,13.8400,14
ff38b887-86fb-45bb-bed9-f4052862b3f6,Tag2,Carleton University,Canal Building,3,A7,2026-03-31T21:56:02.517026+00:00,0.2820,"{""WAP1"": -46.333333333333336, ""WAP10"": -65.66666666666667, ""WAP6"": -70.66666666666667, ""WAP4"": -65.0}",0.6500,13.8400,17
9182bcca-30df-479d-9abe-af322f65be21,Tag2,Carleton University,Canal Building,3,A7,2026-03-31T21:56:02.517026+00:00,0.2820,"{""WAP1"": -46.333333333333336, ""WAP10"": -65.66666666666667, ""WAP6"": -70.66666666666667, ""WAP4"": -65.0}",0.6500,13.8400,17
3f6c60e6-bebe-44a3-abf1-602c0a86d92c,Tag2,Carleton University,Canal Building,3,A7,2026-03-31T21:57:39.991925+00:00,0.2880,"{""WAP1"": -46.666666666666664, ""WAP10"": -66.0, ""WAP6"": -70.0, ""WAP4"": -65.66666666666667}",0.6600,13.9100,20
66623f13-9315-4357-80c7-d3c876fbe8ec,Tag2,Carleton University,Canal Building,3,A7,2026-03-31T21:57:39.991925+00:00,0.2880,"{""WAP1"": -46.666666666666664, ""WAP10"": -66.0, ""WAP6"": -70.0, ""WAP4"": -65.66666666666667}",0.6600,13.9100,20
07ce76d4-e061-4ef7-ad06-bda8f5f204f1,Tag2,Carleton University,Canal Building,3,A7,2026-03-31T21:59:17.188970+00:00,0.2590,"{""WAP1"": -52.0, ""WAP10"": -66.33333333333333, ""WAP6"": -66.33333333333333, ""WAP4"": -66.0}",0.8800,12.5900,23
fbe4faf0-ba73-4d65-8fca-d37f006ea987,Tag2,Carleton University,Canal Building,3,A7,2026-03-31T21:59:17.188970+00:00,0.2590,"{""WAP1"": -52.0, ""WAP10"": -66.33333333333333, ""WAP6"": -66.33333333333333, ""WAP4"": -66.0}",0.8800,12.5900,23
e6e493e3-ee07-40ef-982b-f5be8d7754c5,Tag2,Carleton University,Canal Building,3,A6,2026-03-31T22:00:55.584271+00:00,0.2440,"{""WAP1"": -47.666666666666664, ""WAP10"": -65.33333333333333, ""WAP6"": -65.33333333333333, ""WAP4"": -61.333333333333336}",0.5500,11.8200,26
f5bf47bb-19da-4243-a80b-63c69a82cd77,Tag2,Carleton University,Canal Building,3,A6,2026-03-31T22:00:55.584271+00:00,0.2440,"{""WAP1"": -47.666666666666664, ""WAP10"": -65.33333333333333, ""WAP6"": -65.33333333333333, ""WAP4"": -61.333333333333336}",0.5500,11.8200,26
b27dd7a6-c81e-400d-a1a4-5d182fd318e9,Tag2,Carleton University,Canal Building,3,B4,2026-04-01T03:12:32.029508+00:00,0.2960,"{""WAP4"": -65.0, ""WAP10"": -44.0, ""WAP1"": -61.0, ""WAP6"": -56.0}",1.9100,6.2500,1
f0b83109-0b16-405f-bb47-8dc1d3927e5e,Tag3,Carleton University,Canal Building,3,C4,2026-04-01T03:12:32.029508+00:00,0.2740,"{""WAP4"": -59.0, ""WAP10"": -49.0, ""WAP1"": -57.0, ""WAP6"": -61.0}",3.5400,6.5800,1
acd68557-d2f0-4f50-8ac0-59430afedbb7,Tag2,Carleton University,Canal Building,3,B4,2026-04-01T03:12:32.029508+00:00,0.2960,"{""WAP4"": -65.0, ""WAP10"": -44.0, ""WAP1"": -61.0, ""WAP6"": -56.0}",1.9100,6.2500,1
8084716f-3518-4a27-82db-2c7a81ac59f5,Tag1,Carleton University,Canal Building,3,B2,2026-04-01T03:12:32.029508+00:00,0.2970,"{""WAP4"": -64.0, ""WAP10"": -50.0, ""WAP1"": -60.0, ""WAP6"": -56.0}",2.6600,3.7600,1
a2a53760-8114-4e2c-b653-8a3fa41014f6,Tag2,Carleton University,Canal Building,3,B3,2026-04-01T03:14:26.067456+00:00,0.3000,"{""WAP4"": -65.0, ""WAP10"": -47.333333333333336, ""WAP1"": -60.666666666666664, ""WAP6"": -58.666666666666664}",2.8400,5.7500,4
407f5a4d-3fac-477a-9b5a-993244864cf2,Tag3,Carleton University,Canal Building,3,C4,2026-04-01T03:14:26.067456+00:00,0.2680,"{""WAP4"": -60.0, ""WAP10"": -55.333333333333336, ""WAP1"": -58.333333333333336, ""WAP6"": -60.0}",4.2500,6.1600,4
cffeb06c-5cfb-4168-b1a4-57f6b677eecb,Tag2,Carleton University,Canal Building,3,B3,2026-04-01T03:14:26.067456+00:00,0.3000,"{""WAP4"": -65.0, ""WAP10"": -47.333333333333336, ""WAP1"": -60.666666666666664, ""WAP6"": -58.666666666666664}",2.8400,5.7500,4
c1b87472-5f54-464d-b607-16879d58c360,Tag1,Carleton University,Canal Building,3,B2,2026-04-01T03:14:26.067456+00:00,0.2880,"{""WAP4"": -63.666666666666664, ""WAP10"": -54.333333333333336, ""WAP1"": -60.0, ""WAP6"": -57.333333333333336}",3.2700,3.9500,4
0ef2465c-60b5-4c26-b20d-6d77de51796c,Tag2,Carleton University,Canal Building,3,B5,2026-04-01T03:16:13.896486+00:00,0.2860,"{""WAP4"": -68.0, ""WAP10"": -45.0, ""WAP1"": -63.5, ""WAP6"": -65.5}",3.2800,8.9300,6
3a8049f2-e654-4330-92eb-dd74fb807abc,Tag3,Carleton University,Canal Building,3,C4,2026-04-01T03:16:13.896486+00:00,0.2650,"{""WAP4"": -59.0, ""WAP10"": -54.5, ""WAP1"": -56.5, ""WAP6"": -60.5}",4.4600,6.3300,6
51853b00-e2c6-424a-8334-4b84d94f751e,Tag2,Carleton University,Canal Building,3,B5,2026-04-01T03:16:13.896486+00:00,0.2860,"{""WAP4"": -68.0, ""WAP10"": -45.0, ""WAP1"": -63.5, ""WAP6"": -65.5}",3.2800,8.9300,6
65c45356-13fe-4f2e-9d11-4e711809aeda,Tag1,Carleton University,Canal Building,3,C3,2026-04-01T03:16:13.896486+00:00,0.2850,"{""WAP4"": -63.0, ""WAP10"": -54.5, ""WAP1"": -59.0, ""WAP6"": -59.5}",3.9300,4.6700,6
e45c5e4b-9857-4062-a536-e78ca74a1ad9,Tag2,Carleton University,Canal Building,3,B5,2026-04-01T03:17:39.560357+00:00,0.2690,"{""WAP4"": -68.5, ""WAP10"": -44.0, ""WAP1"": -68.0, ""WAP6"": -66.0}",2.9900,8.4300,8
df0612e1-54d0-41f8-96ab-95a6cfeb5916,Tag3,Carleton University,Canal Building,3,B3,2026-04-01T03:17:39.560357+00:00,0.2890,"{""WAP4"": -59.5, ""WAP10"": -50.5, ""WAP1"": -58.0, ""WAP6"": -57.5}",2.7900,5.0000,8
584b7d62-591b-48f2-b3b4-889f7f51be53,Tag2,Carleton University,Canal Building,3,B5,2026-04-01T03:17:39.560357+00:00,0.2690,"{""WAP4"": -68.5, ""WAP10"": -44.0, ""WAP1"": -68.0, ""WAP6"": -66.0}",2.9900,8.4300,8
f42a0d40-7e62-42ef-b111-c5d42a130980,Tag1,Carleton University,Canal Building,3,B2,2026-04-01T03:17:39.560357+00:00,0.2950,"{""WAP4"": -64.0, ""WAP10"": -53.0, ""WAP1"": -59.5, ""WAP6"": -53.0}",2.5100,2.3300,8
817d3b78-98d1-4126-9efb-e596062ba0bc,Tag2,Carleton University,Canal Building,3,B3,2026-04-01T03:19:04.925918+00:00,0.3000,"{""WAP4"": -64.5, ""WAP10"": -48.0, ""WAP1"": -60.5, ""WAP6"": -58.0}",2.8000,5.2600,10
627c08b5-e6cb-440f-a3fb-e28e67c257f7,Tag3,Carleton University,Canal Building,3,C3,2026-04-01T03:19:04.925918+00:00,0.2780,"{""WAP4"": -60.0, ""WAP10"": -53.5, ""WAP1"": -56.5, ""WAP6"": -59.0}",4.0000,4.8600,10
0afb423d-f7be-4465-ac04-ef5c4964612f,Tag2,Carleton University,Canal Building,3,B3,2026-04-01T03:19:04.925918+00:00,0.3000,"{""WAP4"": -64.5, ""WAP10"": -48.0, ""WAP1"": -60.5, ""WAP6"": -58.0}",2.8000,5.2600,10
06e095e3-a657-43d3-9c2f-4fadf0a4b64d,Tag1,Carleton University,Canal Building,3,C4,2026-04-01T03:19:04.925918+00:00,0.2660,"{""WAP4"": -62.0, ""WAP10"": -58.5, ""WAP1"": -59.5, ""WAP6"": -61.0}",4.3400,7.2500,10
451a9401-d683-46ba-99cc-c5a6aa4b8c16,Tag3,Carleton University,Canal Building,3,C3,2026-04-01T03:20:30.647420+00:00,0.2760,"{""WAP4"": -59.5, ""WAP10"": -52.5, ""WAP1"": -57.0, ""WAP6"": -59.5}",3.8600,5.3700,12
56f35f03-87af-4117-936a-31df95521b53,Tag1,Carleton University,Canal Building,3,C5,2026-04-01T03:20:30.647420+00:00,0.2280,"{""WAP4"": -57.5, ""WAP10"": -57.0, ""WAP1"": -60.0, ""WAP6"": -63.5}",5.1400,8.8300,12
e9fed759-e0a9-4d14-8b3c-905f7d354a30,Tag2,Carleton University,Canal Building,3,C4,2026-04-01T03:22:09.083942+00:00,0.2850,"{""WAP4"": -65.0, ""WAP10"": -53.0, ""WAP1"": -63.0, ""WAP6"": -64.0}",4.2200,7.1500,15
1a84a250-c8cf-4401-8e29-9aba52976c7e,Tag3,Carleton University,Canal Building,3,B2,2026-04-01T03:22:09.083942+00:00,0.2940,"{""WAP4"": -64.66666666666667, ""WAP10"": -50.0, ""WAP1"": -57.333333333333336, ""WAP6"": -57.333333333333336}",3.2400,2.7900,15
9d62af6e-ba38-4de4-9067-de61c5fd6232,Tag2,Carleton University,Canal Building,3,C4,2026-04-01T03:22:09.083942+00:00,0.2850,"{""WAP4"": -65.0, ""WAP10"": -53.0, ""WAP1"": -63.0, ""WAP6"": -64.0}",4.2200,7.1500,15
9ee69e0a-39d9-4bf3-aacd-567c3b6e24fd,Tag1,Carleton University,Canal Building,3,C4,2026-04-01T03:22:09.083942+00:00,0.2710,"{""WAP4"": -62.666666666666664, ""WAP10"": -57.666666666666664, ""WAP1"": -60.0, ""WAP6"": -60.333333333333336}",4.0600,6.5000,15
686379ce-625c-4279-a8f6-9884eb9ae090,Tag2,Carleton University,Canal Building,3,B2,2026-04-01T03:23:34.124403+00:00,0.2900,"{""WAP4"": -65.0, ""WAP10"": -52.5, ""WAP1"": -59.5, ""WAP6"": -49.5}",2.2900,2.0500,17
89b9abae-a4e6-4605-9f3b-6bba8866037e,Tag3,Carleton University,Canal Building,3,B1,2026-04-01T03:23:34.124403+00:00,0.2880,"{""WAP4"": -67.0, ""WAP10"": -54.5, ""WAP1"": -58.5, ""WAP6"": -53.5}",2.9000,1.4300,17
7aaa8328-f532-4584-a2a0-d3cad80ec003,Tag2,Carleton University,Canal Building,3,B2,2026-04-01T03:23:34.124403+00:00,0.2900,"{""WAP4"": -65.0, ""WAP10"": -52.5, ""WAP1"": -59.5, ""WAP6"": -49.5}",2.2900,2.0500,17
966df36f-fe52-4734-9f65-a4d17ea21fa5,Tag1,Carleton University,Canal Building,3,C4,2026-04-01T03:23:34.124403+00:00,0.2620,"{""WAP4"": -60.0, ""WAP10"": -56.0, ""WAP1"": -60.5, ""WAP6"": -59.0}",3.7000,6.4400,17
7948a6de-92af-4fe3-a613-746877348bb4,Tag2,Carleton University,Canal Building,3,C2,2026-04-01T03:25:23.039122+00:00,0.2960,"{""WAP4"": -66.0, ""WAP10"": -56.0, ""WAP1"": -55.666666666666664, ""WAP6"": -61.333333333333336}",4.0800,3.6000,20
fe22a635-2913-4503-9475-7cd9978a5638,Tag3,Carleton University,Canal Building,3,B2,2026-04-01T03:25:23.039122+00:00,0.2840,"{""WAP4"": -65.0, ""WAP10"": -56.333333333333336, ""WAP1"": -61.333333333333336, ""WAP6"": -55.333333333333336}",2.7100,3.9300,20
2618aa4b-6697-4b49-be85-f4d743c0ed55,Tag2,Carleton University,Canal Building,3,C2,2026-04-01T03:25:23.039122+00:00,0.2960,"{""WAP4"": -66.0, ""WAP10"": -56.0, ""WAP1"": -55.666666666666664, ""WAP6"": -61.333333333333336}",4.0800,3.6000,20
fb042056-ff49-45c4-b7e9-3bcab6ca7649,Tag1,Carleton University,Canal Building,3,C6,2026-04-01T03:25:23.039122+00:00,0.2350,"{""WAP4"": -58.333333333333336, ""WAP10"": -61.666666666666664, ""WAP1"": -61.666666666666664, ""WAP6"": -62.333333333333336}",4.9300,10.0300,20
33152bc0-db36-4432-ad3b-a571beb603c6,Tag2,Carleton University,Canal Building,3,B3,2026-04-01T03:26:48.752922+00:00,0.2840,"{""WAP4"": -61.0, ""WAP10"": -54.0, ""WAP1"": -60.0, ""WAP6"": -57.0}",3.0400,4.7000,22
6e842b7e-65b3-427d-825c-866eda3ac83c,Tag3,Carleton University,Canal Building,3,B2,2026-04-01T03:26:48.752922+00:00,0.2650,"{""WAP4"": -69.0, ""WAP10"": -58.5, ""WAP1"": -59.0, ""WAP6"": -54.0}",2.6800,2.6300,22
aebd71c9-f152-4b75-aa9f-d41973484685,Tag2,Carleton University,Canal Building,3,B3,2026-04-01T03:26:48.752922+00:00,0.2840,"{""WAP4"": -61.0, ""WAP10"": -54.0, ""WAP1"": -60.0, ""WAP6"": -57.0}",3.0400,4.7000,22
91b4cb33-f740-4e34-af98-c89d806a8d11,Tag1,Carleton University,Canal Building,3,C5,2026-04-01T03:26:48.752922+00:00,0.2390,"{""WAP4"": -59.0, ""WAP10"": -59.5, ""WAP1"": -61.0, ""WAP6"": -62.5}",4.9100,9.1400,22
fd53555b-38a1-4a24-9e58-fd39ba260a31,Tag2,Carleton University,Canal Building,3,B3,2026-04-01T03:28:13.713739+00:00,0.2860,"{""WAP4"": -65.0, ""WAP10"": -55.0, ""WAP1"": -62.0, ""WAP6"": -56.5}",2.7900,4.3500,24
059ab6b1-c9ef-42d5-a9ac-3248c277d8f2,Tag3,Carleton University,Canal Building,3,B3,2026-04-01T03:28:13.713739+00:00,0.2620,"{""WAP4"": -70.0, ""WAP10"": -58.0, ""WAP1"": -63.0, ""WAP6"": -54.5}",1.9600,4.3400,24
01b1a078-da16-4a53-a4c1-c7938951ebd0,Tag2,Carleton University,Canal Building,3,B3,2026-04-01T03:28:13.713739+00:00,0.2860,"{""WAP4"": -65.0, ""WAP10"": -55.0, ""WAP1"": -62.0, ""WAP6"": -56.5}",2.7900,4.3500,24
a8da90cd-7e7e-47ee-a070-ead966f76fec,Tag1,Carleton University,Canal Building,3,C5,2026-04-01T03:28:13.713739+00:00,0.2380,"{""WAP4"": -59.0, ""WAP10"": -60.5, ""WAP1"": -61.5, ""WAP6"": -63.0}",4.9900,9.5800,24
f72d88a7-33a8-4879-8f21-73a4b295b383,Tag2,Carleton University,Canal Building,3,C5,2026-04-01T03:29:38.267422+00:00,0.2640,"{""WAP4"": -66.5, ""WAP10"": -60.0, ""WAP1"": -65.5, ""WAP6"": -66.5}",3.5600,8.3800,26
a1fc8ab4-0590-46c1-9f30-86858ad990b2,Tag3,Carleton University,Canal Building,3,B4,2026-04-01T03:29:38.267422+00:00,0.2590,"{""WAP4"": -67.5, ""WAP10"": -57.5, ""WAP1"": -67.5, ""WAP6"": -55.5}",1.9200,6.5400,26
f03eae1f-ec4c-433a-b354-d98cb53caf79,Tag2,Carleton University,Canal Building,3,C5,2026-04-01T03:29:38.267422+00:00,0.2640,"{""WAP4"": -66.5, ""WAP10"": -60.0, ""WAP1"": -65.5, ""WAP6"": -66.5}",3.5600,8.3800,26
cec72104-9263-47dd-bb24-404fbcc2e388,Tag1,Carleton University,Canal Building,3,C5,2026-04-01T03:29:38.267422+00:00,0.2420,"{""WAP4"": -59.0, ""WAP10"": -60.0, ""WAP1"": -61.0, ""WAP6"": -61.5}",4.6800,9.1400,26
be2de2f1-ee5b-45ce-bf6a-6e99bfd42ca6,Tag2,Carleton University,Canal Building,3,B3,2026-04-01T03:31:23.550610+00:00,0.2830,"{""WAP4"": -65.5, ""WAP10"": -55.5, ""WAP1"": -63.0, ""WAP6"": -57.0}",2.7200,5.0300,28
174747f4-d002-462b-a32b-19753b95a959,Tag3,Carleton University,Canal Building,3,B2,2026-04-01T03:31:23.550610+00:00,0.2710,"{""WAP4"": -69.5, ""WAP10"": -57.0, ""WAP1"": -62.0, ""WAP6"": -52.5}",2.1900,3.0900,28
f9e5e721-238a-4791-97f2-e4e74fdc6e61,Tag2,Carleton University,Canal Building,3,B3,2026-04-01T03:31:23.550610+00:00,0.2830,"{""WAP4"": -65.5, ""WAP10"": -55.5, ""WAP1"": -63.0, ""WAP6"": -57.0}",2.7200,5.0300,28
7f990567-6ba1-4ccb-a708-fac3e3be9e99,Tag1,Carleton University,Canal Building,3,D6,2026-04-01T03:31:23.550610+00:00,0.2490,"{""WAP4"": -58.5, ""WAP10"": -62.5, ""WAP1"": -59.0, ""WAP6"": -63.0}",5.2300,10.7700,28
84a46439-6cf6-4ac2-b408-d5d43049476a,Tag2,Carleton University,Canal Building,3,B2,2026-04-01T03:32:48.971285+00:00,0.2900,"{""WAP4"": -64.0, ""WAP10"": -56.5, ""WAP1"": -58.5, ""WAP6"": -54.0}",3.0400,2.5900,30
a4632579-b967-4ee5-91f3-be43ce4f7710,Tag3,Carleton University,Canal Building,3,B2,2026-04-01T03:32:48.971285+00:00,0.2880,"{""WAP4"": -65.5, ""WAP10"": -56.5, ""WAP1"": -59.5, ""WAP6"": -53.0}",2.7600,2.4100,30
2834546a-1af3-436c-931b-625cbacac3c0,Tag2,Carleton University,Canal Building,3,B2,2026-04-01T03:32:48.971285+00:00,0.2900,"{""WAP4"": -64.0, ""WAP10"": -56.5, ""WAP1"": -58.5, ""WAP6"": -54.0}",3.0400,2.5900,30
3b615e44-028a-48a2-aef3-b703f67977bf,Tag1,Carleton University,Canal Building,3,C5,2026-04-01T03:32:48.971285+00:00,0.2550,"{""WAP4"": -59.5, ""WAP10"": -61.0, ""WAP1"": -58.5, ""WAP6"": -62.5}",5.0500,9.8100,30
70e8284b-bdc0-488b-88eb-d3ce0793e675,Tag2,Carleton University,Canal Building,3,B2,2026-04-01T03:34:14.407454+00:00,0.2720,"{""WAP4"": -65.5, ""WAP10"": -59.5, ""WAP1"": -59.0, ""WAP6"": -51.5}",2.7800,3.0000,32
b1257f43-3f4c-4416-ada9-75ea98a8c60c,Tag3,Carleton University,Canal Building,3,B5,2026-04-01T03:34:14.407454+00:00,0.2420,"{""WAP4"": -66.5, ""WAP10"": -63.5, ""WAP1"": -63.5, ""WAP6"": -56.5}",2.1300,8.1100,32
7c3b87c7-90aa-4a72-972e-72f1de703f24,Tag2,Carleton University,Canal Building,3,B2,2026-04-01T03:34:14.407454+00:00,0.2720,"{""WAP4"": -65.5, ""WAP10"": -59.5, ""WAP1"": -59.0, ""WAP6"": -51.5}",2.7800,3.0000,32
50df8291-75a4-4d56-868b-350ceeb0dfbc,Tag1,Carleton University,Canal Building,3,C5,2026-04-01T03:34:14.407454+00:00,0.2470,"{""WAP4"": -59.5, ""WAP10"": -61.0, ""WAP1"": -60.5, ""WAP6"": -62.0}",4.7900,9.5700,32
f8c8e749-661b-457d-a908-645397bf1e78,Tag2,Carleton University,Canal Building,3,C3,2026-04-01T03:36:23.370818+00:00,0.2780,"{""WAP4"": -64.33333333333333, ""WAP10"": -60.333333333333336, ""WAP1"": -52.666666666666664, ""WAP6"": -58.666666666666664}",4.2500,5.3400,35
2b04d991-4eaa-442a-9bc1-dd06ead93f77,Tag3,Carleton University,Canal Building,3,B3,2026-04-01T03:36:23.370818+00:00,0.2920,"{""WAP4"": -67.66666666666667, ""WAP10"": -57.333333333333336, ""WAP1"": -61.0, ""WAP6"": -60.333333333333336}",2.9600,5.4600,35
71e0306a-a977-4867-aefe-ba85d4854b07,Tag2,Carleton University,Canal Building,3,C3,2026-04-01T03:36:23.370818+00:00,0.2780,"{""WAP4"": -64.33333333333333, ""WAP10"": -60.333333333333336, ""WAP1"": -52.666666666666664, ""WAP6"": -58.666666666666664}",4.2500,5.3400,35
1000a1da-2740-474d-9d40-2004081f9694,Tag1,Carleton University,Canal Building,3,C5,2026-04-01T03:36:23.370818+00:00,0.2490,"{""WAP4"": -59.0, ""WAP10"": -61.0, ""WAP1"": -59.333333333333336, ""WAP6"": -62.0}",4.9800,9.7500,35
b420171d-c90a-4487-8f99-9b854cd8552c,Tag2,Carleton University,Canal Building,3,B7,2026-04-01T03:37:47.777832+00:00,0.2370,"{""WAP4"": -59.5, ""WAP10"": -65.0, ""WAP1"": -42.0, ""WAP6"": -65.5}",2.7300,13.9100,37
b605a459-067b-4634-bc22-757ba0fad556,Tag3,Carleton University,Canal Building,3,B4,2026-04-01T03:37:47.777832+00:00,0.2660,"{""WAP4"": -65.5, ""WAP10"": -60.0, ""WAP1"": -62.5, ""WAP6"": -56.5}",2.5900,6.2800,37
6766f0fa-1491-49ed-b327-211bdc9d92ec,Tag2,Carleton University,Canal Building,3,B7,2026-04-01T03:37:47.777832+00:00,0.2370,"{""WAP4"": -59.5, ""WAP10"": -65.0, ""WAP1"": -42.0, ""WAP6"": -65.5}",2.7300,13.9100,37
0e9528bf-2f59-45a4-9acf-ab8cc9583c5d,Tag1,Carleton University,Canal Building,3,C5,2026-04-01T03:37:47.777832+00:00,0.2500,"{""WAP4"": -58.5, ""WAP10"": -60.5, ""WAP1"": -58.5, ""WAP6"": -62.0}",5.1200,9.7400,37
2425de93-666a-4ff2-85b8-8ebb7c31b503,Tag2,Carleton University,Canal Building,3,C6,2026-04-01T03:39:12.121670+00:00,0.2780,"{""WAP4"": -62.0, ""WAP10"": -59.5, ""WAP1"": -47.0, ""WAP6"": -66.5}",3.7100,11.4500,39
9fac80d9-d7e3-4b07-a2e6-8a7a80579ce7,Tag3,Carleton University,Canal Building,3,B4,2026-04-01T03:39:12.121670+00:00,0.2950,"{""WAP4"": -69.0, ""WAP10"": -49.0, ""WAP1"": -63.0, ""WAP6"": -62.5}",2.9300,6.9000,39
9e3a5e76-0f43-4b39-a8c4-0026f9dd7525,Tag2,Carleton University,Canal Building,3,C6,2026-04-01T03:39:12.121670+00:00,0.2780,"{""WAP4"": -62.0, ""WAP10"": -59.5, ""WAP1"": -47.0, ""WAP6"": -66.5}",3.7100,11.4500,39
b454451a-eed1-478c-b6a7-a08c958599f0,Tag1,Carleton University,Canal Building,3,C4,2026-04-01T03:39:12.121670+00:00,0.2640,"{""WAP4"": -65.0, ""WAP10"": -58.0, ""WAP1"": -62.5, ""WAP6"": -69.0}",4.4400,7.3900,39
795e66dc-e559-4fd0-a337-8290294fb8df,Tag2,Carleton University,Canal Building,3,C4,2026-04-01T03:40:59.991865+00:00,0.2610,"{""WAP4"": -60.0, ""WAP10"": -58.5, ""WAP1"": -58.5, ""WAP6"": -60.0}",4.4700,7.4600,42
9e29c4f7-327f-4655-ac3c-ff118e5fda91,Tag3,Carleton University,Canal Building,3,C4,2026-04-01T03:40:59.991865+00:00,0.2930,"{""WAP4"": -65.0, ""WAP10"": -50.5, ""WAP1"": -61.5, ""WAP6"": -62.5}",3.9300,6.5300,42
1ef3f1e2-0425-425c-8618-0b26f5204408,Tag2,Carleton University,Canal Building,3,C4,2026-04-01T03:40:59.991865+00:00,0.2610,"{""WAP4"": -60.0, ""WAP10"": -58.5, ""WAP1"": -58.5, ""WAP6"": -60.0}",4.4700,7.4600,42
dfdf6317-e1f2-4e9c-828a-97b625d5d26a,Tag1,Carleton University,Canal Building,3,A5,2026-04-01T03:40:59.991865+00:00,0.1700,"{""WAP4"": -62.5, ""WAP10"": -56.5, ""WAP1"": -37.0, ""WAP6"": -68.5}",1.7100,8.1200,42
d82e1756-1576-4f31-bc94-0a9f71f6c3a2,Tag2,Carleton University,Canal Building,3,B3,2026-04-01T03:43:07.391668+00:00,0.2720,"{""WAP4"": -59.5, ""WAP10"": -53.0, ""WAP1"": -60.5, ""WAP6"": -58.5}",3.1300,5.9600,44
2dfaee53-b4f2-4f20-a91a-2e7b3fa6a9e4,Tag3,Carleton University,Canal Building,3,B3,2026-04-01T03:43:07.391668+00:00,0.2950,"{""WAP4"": -68.0, ""WAP10"": -50.0, ""WAP1"": -63.0, ""WAP6"": -57.5}",2.4700,4.8300,44
98c4a617-ca24-4082-a7da-b1ceeffc77c0,Tag2,Carleton University,Canal Building,3,B3,2026-04-01T03:43:07.391668+00:00,0.2720,"{""WAP4"": -59.5, ""WAP10"": -53.0, ""WAP1"": -60.5, ""WAP6"": -58.5}",3.1300,5.9600,44
17830337-9f6d-43cf-a6c2-274ffebbb8e8,Tag1,Carleton University,Canal Building,3,B3,2026-04-01T03:43:07.391668+00:00,0.1640,"{""WAP4"": -63.0, ""WAP10"": -53.5, ""WAP1"": -39.0, ""WAP6"": -65.0}",2.4600,5.7400,44
ed905e05-f69a-4032-ab32-b13b27009adc,Tag2,Carleton University,Canal Building,3,C4,2026-04-01T03:45:15.376012+00:00,0.2490,"{""WAP4"": -60.666666666666664, ""WAP10"": -58.333333333333336, ""WAP1"": -62.666666666666664, ""WAP6"": -59.666666666666664}",3.7600,7.8100,47
7469560c-9064-4408-8012-4d5891ea4f1f,Tag3,Carleton University,Canal Building,3,C3,2026-04-01T03:45:15.376012+00:00,0.2930,"{""WAP4"": -64.66666666666667, ""WAP10"": -52.666666666666664, ""WAP1"": -61.0, ""WAP6"": -59.666666666666664}",3.5200,5.0000,47
2bc2a920-488d-45d6-a55f-2480282cd8c6,Tag2,Carleton University,Canal Building,3,C4,2026-04-01T03:45:15.376012+00:00,0.2490,"{""WAP4"": -60.666666666666664, ""WAP10"": -58.333333333333336, ""WAP1"": -62.666666666666664, ""WAP6"": -59.666666666666664}",3.7600,7.8100,47
26d1e7e2-0b1f-4f5c-952b-5022551e2d7e,Tag1,Carleton University,Canal Building,3,B4,2026-04-01T03:45:15.376012+00:00,0.2620,"{""WAP4"": -69.0, ""WAP10"": -59.0, ""WAP1"": -65.0, ""WAP6"": -56.666666666666664}",1.8900,6.4300,47
c2aa5188-6255-4ca2-850f-fd2f3d1167f0,Tag2,Carleton University,Canal Building,3,C5,2026-04-01T03:47:21.001490+00:00,0.2480,"{""WAP4"": -60.0, ""WAP10"": -61.5, ""WAP1"": -61.5, ""WAP6"": -59.5}",4.0400,9.0500,49
cb93ad7b-c4f4-4473-afb8-06cb5afaa3e7,Tag3,Carleton University,Canal Building,3,B3,2026-04-01T03:47:21.001490+00:00,0.2850,"{""WAP4"": -65.0, ""WAP10"": -55.5, ""WAP1"": -61.5, ""WAP6"": -58.5}",3.2300,4.9800,49
0895422d-adec-4df3-94fd-873662380ca1,Tag2,Carleton University,Canal Building,3,C5,2026-04-01T03:47:21.001490+00:00,0.2480,"{""WAP4"": -60.0, ""WAP10"": -61.5, ""WAP1"": -61.5, ""WAP6"": -59.5}",4.0400,9.0500,49
b428e929-85a3-4be0-8301-652922f7cb4d,Tag1,Carleton University,Canal Building,3,B3,2026-04-01T03:47:21.001490+00:00,0.2520,"{""WAP4"": -66.0, ""WAP10"": -61.0, ""WAP1"": -60.5, ""WAP6"": -52.5}",2.5200,4.3800,49
8b59af78-f4da-4304-87d6-556430b05938,Tag2,Carleton University,Canal Building,3,C4,2026-04-01T03:49:11.281891+00:00,0.2520,"{""WAP4"": -61.0, ""WAP10"": -57.666666666666664, ""WAP1"": -62.0, ""WAP6"": -61.666666666666664}",4.3600,7.9200,52
3c58e919-8d55-49be-967a-e343835665c9,Tag3,Carleton University,Canal Building,3,B3,2026-04-01T03:49:11.281891+00:00,0.3010,"{""WAP4"": -69.0, ""WAP10"": -53.333333333333336, ""WAP1"": -62.0, ""WAP6"": -60.666666666666664}",2.7900,5.1800,52
f9a6b3a0-ec8f-4384-9910-ab0aface7db4,Tag2,Carleton University,Canal Building,3,C4,2026-04-01T03:49:11.281891+00:00,0.2520,"{""WAP4"": -61.0, ""WAP10"": -57.666666666666664, ""WAP1"": -62.0, ""WAP6"": -61.666666666666664}",4.3600,7.9200,52
8b37cb55-8748-40ba-90f3-7f9d55d6f94c,Tag1,Carleton University,Canal Building,3,B3,2026-04-01T03:49:11.281891+00:00,0.2860,"{""WAP4"": -66.33333333333333, ""WAP10"": -55.333333333333336, ""WAP1"": -63.0, ""WAP6"": -56.333333333333336}",2.5500,4.6000,52
5aeb3a1a-8285-49f2-883a-24471c675504,Tag2,Carleton University,Canal Building,3,C4,2026-04-01T03:50:36.381634+00:00,0.2620,"{""WAP4"": -61.0, ""WAP10"": -58.0, ""WAP1"": -61.0, ""WAP6"": -58.5}",3.6200,6.7400,54
02c0ec6e-7a94-48ef-8f8f-c3ed66f4096b,Tag3,Carleton University,Canal Building,3,B3,2026-04-01T03:50:36.381634+00:00,0.2940,"{""WAP4"": -66.5, ""WAP10"": -51.5, ""WAP1"": -63.5, ""WAP6"": -58.5}",2.8200,5.4200,54
4a44103e-1692-460b-8427-60b4abff8f21,Tag2,Carleton University,Canal Building,3,C4,2026-04-01T03:50:36.381634+00:00,0.2620,"{""WAP4"": -61.0, ""WAP10"": -58.0, ""WAP1"": -61.0, ""WAP6"": -58.5}",3.6200,6.7400,54
a4054457-1d68-44ca-9f4e-45af9c989906,Tag1,Carleton University,Canal Building,3,B2,2026-04-01T03:50:36.381634+00:00,0.2920,"{""WAP4"": -65.5, ""WAP10"": -50.0, ""WAP1"": -64.0, ""WAP6"": -50.5}",1.7800,3.4100,54
6e2aa60e-9a28-48f0-9ac8-87086a1ebb16,Tag2,Carleton University,Canal Building,3,C4,2026-04-01T03:52:44.103070+00:00,0.2520,"{""WAP4"": -60.333333333333336, ""WAP10"": -58.333333333333336, ""WAP1"": -60.666666666666664, ""WAP6"": -61.0}",4.4100,7.9300,57
df4d2e25-59e5-4f0e-8bf9-092269349d15,Tag3,Carleton University,Canal Building,3,B4,2026-04-01T03:52:44.103070+00:00,0.2860,"{""WAP4"": -69.0, ""WAP10"": -58.666666666666664, ""WAP1"": -61.0, ""WAP6"": -61.333333333333336}",2.5100,6.1100,57
ed7c4553-c53a-4803-9759-9a58bc721cac,Tag2,Carleton University,Canal Building,3,C4,2026-04-01T03:52:44.103070+00:00,0.2520,"{""WAP4"": -60.333333333333336, ""WAP10"": -58.333333333333336, ""WAP1"": -60.666666666666664, ""WAP6"": -61.0}",4.4100,7.9300,57
74491dff-d181-4aa1-9d28-7aa0498afbe0,Tag1,Carleton University,Canal Building,3,B2,2026-04-01T03:52:44.103070+00:00,0.2950,"{""WAP4"": -67.33333333333333, ""WAP10"": -52.666666666666664, ""WAP1"": -64.66666666666667, ""WAP6"": -53.333333333333336}",2.0300,3.8300,57
44e8cf6f-1893-4051-8b16-96f95ae535cf,Tag2,Carleton University,Canal Building,3,C4,2026-04-01T03:54:34.597791+00:00,0.2480,"{""WAP4"": -59.333333333333336, ""WAP10"": -56.666666666666664, ""WAP1"": -60.0, ""WAP6"": -61.666666666666664}",4.6300,7.7500,60
b6f2aeb1-a48f-4b03-b1ed-71ed74233b71,Tag3,Carleton University,Canal Building,3,B4,2026-04-01T03:54:34.597791+00:00,0.2960,"{""WAP4"": -69.0, ""WAP10"": -56.333333333333336, ""WAP1"": -63.0, ""WAP6"": -61.666666666666664}",2.6400,6.3600,60
ffb55895-c1ca-4c70-bc50-4bbf42f46d7a,Tag2,Carleton University,Canal Building,3,C4,2026-04-01T03:54:34.597791+00:00,0.2480,"{""WAP4"": -59.333333333333336, ""WAP10"": -56.666666666666664, ""WAP1"": -60.0, ""WAP6"": -61.666666666666664}",4.6300,7.7500,60
4ed3b281-20fa-466b-9aad-ae902062b213,Tag1,Carleton University,Canal Building,3,B2,2026-04-01T03:54:34.597791+00:00,0.2950,"{""WAP4"": -65.66666666666667, ""WAP10"": -53.0, ""WAP1"": -62.666666666666664, ""WAP6"": -52.0}",2.0700,3.0300,60
96a9ceb2-87b8-4970-9d8d-8e9bc7c12fb6,Tag2,Carleton University,Canal Building,3,C4,2026-04-01T03:55:58.767140+00:00,0.2490,"{""WAP4"": -60.0, ""WAP10"": -57.0, ""WAP1"": -60.5, ""WAP6"": -62.5}",4.7900,7.9400,62
a208a9f1-ab35-4f55-9f35-4a772405be78,Tag3,Carleton University,Canal Building,3,B2,2026-04-01T03:55:58.767140+00:00,0.2930,"{""WAP4"": -67.0, ""WAP10"": -51.5, ""WAP1"": -59.5, ""WAP6"": -57.0}",2.9300,2.8400,62
6af1100f-fb75-4cfe-a1e5-2f8cdbf089ba,Tag2,Carleton University,Canal Building,3,C4,2026-04-01T03:55:58.767140+00:00,0.2490,"{""WAP4"": -60.0, ""WAP10"": -57.0, ""WAP1"": -60.5, ""WAP6"": -62.5}",4.7900,7.9400,62
58d633d8-94cb-403a-983f-cbbfb446bd81,Tag1,Carleton University,Canal Building,3,B2,2026-04-01T03:55:58.767140+00:00,0.2860,"{""WAP4"": -70.0, ""WAP10"": -52.5, ""WAP1"": -59.5, ""WAP6"": -59.5}",2.6500,3.3200,62
f25bbe8b-6b6f-40c2-a25e-fd692646251f,Tag2,Carleton University,Canal Building,3,D5,2026-04-01T03:57:24.065115+00:00,0.2490,"{""WAP4"": -60.5, ""WAP10"": -58.0, ""WAP1"": -59.0, ""WAP6"": -66.0}",5.3600,8.6900,64
595647c4-c9e2-452d-a57b-079c7fb70c2d,Tag3,Carleton University,Canal Building,3,C4,2026-04-01T03:57:24.065115+00:00,0.2860,"{""WAP4"": -66.5, ""WAP10"": -54.5, ""WAP1"": -62.5, ""WAP6"": -65.5}",4.0400,7.0200,64
243d68bd-2f01-4d9f-87d6-a9a1ab4adea7,Tag2,Carleton University,Canal Building,3,D5,2026-04-01T03:57:24.065115+00:00,0.2490,"{""WAP4"": -60.5, ""WAP10"": -58.0, ""WAP1"": -59.0, ""WAP6"": -66.0}",5.3600,8.6900,64
e038a23e-fdcc-4adb-be4b-3602e34934b6,Tag1,Carleton University,Canal Building,3,B4,2026-04-01T03:57:24.065115+00:00,0.2410,"{""WAP4"": -68.0, ""WAP10"": -55.0, ""WAP1"": -69.0, ""WAP6"": -59.5}",2.4600,7.6400,64
d6723b42-35f4-4107-8864-e8732c858070,Tag2,Carleton University,Canal Building,3,C5,2026-04-01T03:59:12.674332+00:00,0.2460,"{""WAP4"": -59.333333333333336, ""WAP10"": -59.333333333333336, ""WAP1"": -59.666666666666664, ""WAP6"": -63.0}",5.0800,9.1200,67
19ab4185-b320-402c-acf6-509a188e8c92,Tag3,Carleton University,Canal Building,3,B3,2026-04-01T03:59:12.674332+00:00,0.2760,"{""WAP4"": -67.33333333333333, ""WAP10"": -57.666666666666664, ""WAP1"": -64.0, ""WAP6"": -56.0}",2.2400,5.4800,67
d8f9fc2d-640a-4d8b-8fa2-7f905573fc81,Tag2,Carleton University,Canal Building,3,C5,2026-04-01T03:59:12.674332+00:00,0.2460,"{""WAP4"": -59.333333333333336, ""WAP10"": -59.333333333333336, ""WAP1"": -59.666666666666664, ""WAP6"": -63.0}",5.0800,9.1200,67
a107bb06-6a7d-4184-b959-57430aa87303,Tag1,Carleton University,Canal Building,3,B4,2026-04-01T03:59:12.674332+00:00,0.2790,"{""WAP4"": -70.0, ""WAP10"": -58.666666666666664, ""WAP1"": -62.333333333333336, ""WAP6"": -62.333333333333336}",2.1600,6.7800,67
88f968f9-60bb-417f-97dc-68a837908dd4,Tag2,Carleton University,Canal Building,3,C5,2026-04-01T04:00:37.246680+00:00,0.2400,"{""WAP4"": -59.5, ""WAP10"": -61.5, ""WAP1"": -62.0, ""WAP6"": -64.0}",5.0300,9.8600,69
9eaedc85-5980-4252-9700-23c01c6f225a,Tag3,Carleton University,Canal Building,3,C3,2026-04-01T04:00:37.246680+00:00,0.2870,"{""WAP4"": -64.5, ""WAP10"": -54.5, ""WAP1"": -61.0, ""WAP6"": -61.0}",3.8700,5.6600,69
50de8ac4-e57a-4696-8bae-26d104a40611,Tag2,Carleton University,Canal Building,3,C5,2026-04-01T04:00:37.246680+00:00,0.2400,"{""WAP4"": -59.5, ""WAP10"": -61.5, ""WAP1"": -62.0, ""WAP6"": -64.0}",5.0300,9.8600,69
31299ea0-7391-468c-84f0-71fad0650452,Tag1,Carleton University,Canal Building,3,A5,2026-04-01T04:00:37.246680+00:00,0.1850,"{""WAP4"": -71.0, ""WAP10"": -65.0, ""WAP1"": -65.0, ""WAP6"": -67.0}",1.2300,8.5700,69
f0115660-4462-4442-be55-a11ff9b0be26,Tag2,Carleton University,Canal Building,3,C5,2026-04-01T04:02:02.594453+00:00,0.2450,"{""WAP4"": -60.0, ""WAP10"": -58.5, ""WAP1"": -61.5, ""WAP6"": -63.0}",4.8500,8.6400,71
3522b236-edfd-4858-88d4-ae2272622c83,Tag3,Carleton University,Canal Building,3,C4,2026-04-01T04:02:02.594453+00:00,0.2740,"{""WAP4"": -62.0, ""WAP10"": -52.0, ""WAP1"": -62.5, ""WAP6"": -60.5}",3.6300,6.6400,71
3631d177-5d50-41d0-91b6-b42f04231374,Tag2,Carleton University,Canal Building,3,C5,2026-04-01T04:02:02.594453+00:00,0.2450,"{""WAP4"": -60.0, ""WAP10"": -58.5, ""WAP1"": -61.5, ""WAP6"": -63.0}",4.8500,8.6400,71
dc17d6ed-c8eb-4ea7-aead-2b3acd01fcd7,Tag1,Carleton University,Canal Building,3,B2,2026-04-01T04:02:02.594453+00:00,0.2960,"{""WAP4"": -64.0, ""WAP10"": -50.0, ""WAP1"": -59.0, ""WAP6"": -56.5}",2.8800,3.4800,71
dee4b1cc-ea60-4fac-ac49-f294bfd68b52,Tag2,Carleton University,Canal Building,3,C5,2026-04-01T04:03:27.864634+00:00,0.2430,"{""WAP4"": -59.5, ""WAP10"": -60.5, ""WAP1"": -61.0, ""WAP6"": -64.0}",5.1300,9.5900,73
2de27614-790b-404d-93f3-de18af05fda3,Tag3,Carleton University,Canal Building,3,B4,2026-04-01T04:03:27.864634+00:00,0.2740,"{""WAP4"": -62.0, ""WAP10"": -51.5, ""WAP1"": -63.0, ""WAP6"": -59.5}",3.2400,6.4900,73
c7a2b633-d98e-4476-b548-d2d891391b98,Tag2,Carleton University,Canal Building,3,C5,2026-04-01T04:03:27.864634+00:00,0.2430,"{""WAP4"": -59.5, ""WAP10"": -60.5, ""WAP1"": -61.0, ""WAP6"": -64.0}",5.1300,9.5900,73
704576b3-b95c-4be9-a3cc-82ab19ada9a8,Tag1,Carleton University,Canal Building,3,B3,2026-04-01T04:03:27.864634+00:00,0.2950,"{""WAP4"": -68.5, ""WAP10"": -55.5, ""WAP1"": -60.5, ""WAP6"": -59.5}",2.8600,4.2200,73
09cd265b-0a55-4a8a-b492-1e7312add4d0,Tag2,Carleton University,Canal Building,3,C6,2026-04-01T04:04:52.395428+00:00,0.2450,"{""WAP4"": -59.5, ""WAP10"": -62.0, ""WAP1"": -60.5, ""WAP6"": -64.5}",5.1300,10.2100,75
ace8b672-386a-4c38-87b8-5ab77bae98d3,Tag3,Carleton University,Canal Building,3,B4,2026-04-01T04:04:52.395428+00:00,0.2860,"{""WAP4"": -60.5, ""WAP10"": -50.0, ""WAP1"": -60.5, ""WAP6"": -60.0}",3.3200,6.5200,75
d0b1c0f5-d021-4ea7-b5f6-3276df07a2d8,Tag2,Carleton University,Canal Building,3,C6,2026-04-01T04:04:52.395428+00:00,0.2450,"{""WAP4"": -59.5, ""WAP10"": -62.0, ""WAP1"": -60.5, ""WAP6"": -64.5}",5.1300,10.2100,75
3500c3c0-9410-461f-aa26-6c901f09e653,Tag1,Carleton University,Canal Building,3,B2,2026-04-01T04:04:52.395428+00:00,0.2890,"{""WAP4"": -64.0, ""WAP10"": -54.0, ""WAP1"": -63.0, ""WAP6"": -50.5}",1.7400,3.1400,75
dd4735ff-2078-4f17-88b4-b3cfdf1b9f80,Tag2,Carleton University,Canal Building,3,C4,2026-04-01T04:06:16.903491+00:00,0.2450,"{""WAP4"": -59.5, ""WAP10"": -57.5, ""WAP1"": -61.5, ""WAP6"": -60.5}",4.1600,7.8200,77
af97e75d-b9cf-4e7f-9b81-6350b60a3cfa,Tag3,Carleton University,Canal Building,3,B5,2026-04-01T04:06:16.903491+00:00,0.2930,"{""WAP4"": -61.5, ""WAP10"": -45.0, ""WAP1"": -60.5, ""WAP6"": -60.5}",2.7500,8.1800,77
c137b355-dcdb-4f03-8680-28c46b1fd6ad,Tag2,Carleton University,Canal Building,3,C4,2026-04-01T04:06:16.903491+00:00,0.2450,"{""WAP4"": -59.5, ""WAP10"": -57.5, ""WAP1"": -61.5, ""WAP6"": -60.5}",4.1600,7.8200,77
7af72ffb-3c7c-4275-b05a-f668dd81271e,Tag1,Carleton University,Canal Building,3,B2,2026-04-01T04:06:16.903491+00:00,0.2800,"{""WAP4"": -70.0, ""WAP10"": -48.5, ""WAP1"": -59.0, ""WAP6"": -50.0}",2.0000,2.4600,77
5432e959-6a52-43d1-bed6-f95ac5608d85,Tag2,Carleton University,Canal Building,3,C5,2026-04-01T04:08:05.451947+00:00,0.2410,"{""WAP4"": -59.0, ""WAP10"": -60.333333333333336, ""WAP1"": -61.333333333333336, ""WAP6"": -61.0}",4.5300,9.1700,80
6b16ecbc-9804-4496-9943-3e29edee1a16,Tag3,Carleton University,Canal Building,3,C4,2026-04-01T04:08:05.451947+00:00,0.2770,"{""WAP4"": -62.666666666666664, ""WAP10"": -51.0, ""WAP1"": -59.0, ""WAP6"": -64.0}",4.6800,6.5800,80
97661044-9104-4b3b-9b20-0dd84d2fd2fc,Tag2,Carleton University,Canal Building,3,C5,2026-04-01T04:08:05.451947+00:00,0.2410,"{""WAP4"": -59.0, ""WAP10"": -60.333333333333336, ""WAP1"": -61.333333333333336, ""WAP6"": -61.0}",4.5300,9.1700,80
954d7d86-bc4d-44a8-b940-5eee8a861eb0,Tag1,Carleton University,Canal Building,3,B1,2026-04-01T04:08:05.451947+00:00,0.2680,"{""WAP4"": -71.33333333333333, ""WAP10"": -51.666666666666664, ""WAP1"": -59.666666666666664, ""WAP6"": -51.0}",2.1500,1.8000,80
bd8ce665-8ef2-450e-8334-8cbf4c8d2b8e,Tag2,Carleton University,Canal Building,3,B4,2026-04-01T04:09:31.842039+00:00,0.2600,"{""WAP4"": -60.5, ""WAP10"": -55.5, ""WAP1"": -62.0, ""WAP6"": -58.5}",3.3000,6.3900,82
1cc74b70-2f5f-4b2d-ad5c-c159eb2f42e7,Tag3,Carleton University,Canal Building,3,B4,2026-04-01T04:09:31.842039+00:00,0.2890,"{""WAP4"": -60.0, ""WAP10"": -47.5, ""WAP1"": -60.5, ""WAP6"": -60.5}",2.9800,7.5700,82
44a2926b-e5dc-432a-9bd0-9ed2e65d8314,Tag2,Carleton University,Canal Building,3,B4,2026-04-01T04:09:31.842039+00:00,0.2600,"{""WAP4"": -60.5, ""WAP10"": -55.5, ""WAP1"": -62.0, ""WAP6"": -58.5}",3.3000,6.3900,82
87890323-8949-4bb4-985a-5af55e795d7b,Tag1,Carleton University,Canal Building,3,B2,2026-04-01T04:09:31.842039+00:00,0.2710,"{""WAP4"": -70.0, ""WAP10"": -48.5, ""WAP1"": -58.5, ""WAP6"": -48.0}",2.0800,2.6400,82
ed1a865d-e99f-423a-aae9-8fc18523993b,Tag2,Carleton University,Canal Building,3,C5,2026-04-01T04:11:21.179159+00:00,0.2420,"{""WAP4"": -59.0, ""WAP10"": -61.666666666666664, ""WAP1"": -61.333333333333336, ""WAP6"": -61.333333333333336}",4.6500,9.8000,85
9e596e80-8943-4d0b-8a24-36d859553ad4,Tag3,Carleton University,Canal Building,3,C4,2026-04-01T04:11:21.179159+00:00,0.2570,"{""WAP4"": -60.666666666666664, ""WAP10"": -53.666666666666664, ""WAP1"": -62.0, ""WAP6"": -62.0}",4.2700,7.2600,85
f49f6a0c-6298-4a5a-8e9e-49fcf5f1a892,Tag2,Carleton University,Canal Building,3,C5,2026-04-01T04:11:21.179159+00:00,0.2420,"{""WAP4"": -59.0, ""WAP10"": -61.666666666666664, ""WAP1"": -61.333333333333336, ""WAP6"": -61.333333333333336}",4.6500,9.8000,85
2445b4d9-74a1-4486-8a32-627405e11245,Tag1,Carleton University,Canal Building,3,B2,2026-04-01T04:11:21.179159+00:00,0.2670,"{""WAP4"": -71.33333333333333, ""WAP10"": -52.0, ""WAP1"": -61.333333333333336, ""WAP6"": -51.0}",2.0200,2.2300,85
6396688c-b6ee-49e2-ac69-e575f715adf0,Tag2,Carleton University,Canal Building,3,C6,2026-04-01T04:13:30.487971+00:00,0.2390,"{""WAP4"": -59.0, ""WAP10"": -63.5, ""WAP1"": -62.0, ""WAP6"": -62.0}",4.7100,10.5500,87
34384c37-b39f-4ee3-b8ba-66b67f0427d4,Tag3,Carleton University,Canal Building,3,C4,2026-04-01T04:13:30.487971+00:00,0.2590,"{""WAP4"": -61.0, ""WAP10"": -51.5, ""WAP1"": -63.0, ""WAP6"": -63.0}",4.2700,7.7300,87
cee1d26c-ca15-4181-892b-c72b290ded7f,Tag2,Carleton University,Canal Building,3,C6,2026-04-01T04:13:30.487971+00:00,0.2390,"{""WAP4"": -59.0, ""WAP10"": -63.5, ""WAP1"": -62.0, ""WAP6"": -62.0}",4.7100,10.5500,87
122af6b2-1206-4074-a30e-f484c3d872e1,Tag1,Carleton University,Canal Building,3,A2,2026-04-01T04:13:30.487971+00:00,0.2640,"{""WAP4"": -71.5, ""WAP10"": -52.5, ""WAP1"": -66.0, ""WAP6"": -51.5}",1.6900,3.3100,87
6b6de908-1722-48b2-983e-87a89bd114d9,Tag2,Carleton University,Canal Building,3,C6,2026-04-01T04:15:20.131677+00:00,0.2410,"{""WAP4"": -59.0, ""WAP10"": -62.0, ""WAP1"": -61.333333333333336, ""WAP6"": -61.666666666666664}",4.7200,9.9900,90
0a8c4a64-d148-4a70-8230-4947c594a825,Tag3,Carleton University,Canal Building,3,C4,2026-04-01T04:15:20.131677+00:00,0.2700,"{""WAP4"": -62.666666666666664, ""WAP10"": -52.0, ""WAP1"": -63.666666666666664, ""WAP6"": -60.666666666666664}",3.5800,6.9300,90
f1fa1fe9-85df-41a6-994a-41990f290fa6,Tag2,Carleton University,Canal Building,3,C6,2026-04-01T04:15:20.131677+00:00,0.2410,"{""WAP4"": -59.0, ""WAP10"": -62.0, ""WAP1"": -61.333333333333336, ""WAP6"": -61.666666666666664}",4.7200,9.9900,90
759ff03a-c586-42c9-9f7f-41a9e5160a0d,Tag1,Carleton University,Canal Building,3,C4,2026-04-01T04:15:20.131677+00:00,0.2820,"{""WAP4"": -65.0, ""WAP10"": -57.666666666666664, ""WAP1"": -61.333333333333336, ""WAP6"": -60.666666666666664}",3.5700,6.4200,90
6426c67e-a37c-4dd6-b3e5-d7712471af46,Tag2,Carleton University,Canal Building,3,C6,2026-04-01T04:17:10.438858+00:00,0.2390,"{""WAP4"": -58.666666666666664, ""WAP10"": -63.333333333333336, ""WAP1"": -61.666666666666664, ""WAP6"": -61.0}",4.6100,10.4000,93
8ecd028b-87a5-425f-a7a7-643b2e034227,Tag3,Carleton University,Canal Building,3,B2,2026-04-01T04:17:10.438858+00:00,0.2950,"{""WAP4"": -64.0, ""WAP10"": -50.666666666666664, ""WAP1"": -61.0, ""WAP6"": -55.0}",2.4200,3.7000,93
05a6b9e8-b530-4e56-8c16-0e29abf640ff,Tag2,Carleton University,Canal Building,3,C6,2026-04-01T04:17:10.438858+00:00,0.2390,"{""WAP4"": -58.666666666666664, ""WAP10"": -63.333333333333336, ""WAP1"": -61.666666666666664, ""WAP6"": -61.0}",4.6100,10.4000,93
2c565af6-b84f-4b9f-bf16-125508e7c416,Tag1,Carleton University,Canal Building,3,B5,2026-04-01T04:17:10.438858+00:00,0.2710,"{""WAP4"": -67.33333333333333, ""WAP10"": -57.333333333333336, ""WAP1"": -66.33333333333333, ""WAP6"": -61.666666666666664}",2.8800,8.0500,93
29c60aed-6a6b-4ac8-909a-fb2e5d14ac68,Tag2,Carleton University,Canal Building,3,C6,2026-04-01T04:18:58.958361+00:00,0.2410,"{""WAP4"": -59.5, ""WAP10"": -65.0, ""WAP1"": -61.5, ""WAP6"": -61.0}",4.4500,10.9000,95
2412e17a-cb2e-448a-8db0-13dac45bb0c0,Tag3,Carleton University,Canal Building,3,B2,2026-04-01T04:18:58.958361+00:00,0.2950,"{""WAP4"": -64.0, ""WAP10"": -51.5, ""WAP1"": -61.0, ""WAP6"": -55.5}",2.5700,3.7000,95
358c5549-df4d-41c9-8c5f-3ef87c07e5ba,Tag2,Carleton University,Canal Building,3,C6,2026-04-01T04:18:58.958361+00:00,0.2410,"{""WAP4"": -59.5, ""WAP10"": -65.0, ""WAP1"": -61.5, ""WAP6"": -61.0}",4.4500,10.9000,95
3a07d432-ef03-4331-9fb2-81397d082685,Tag1,Carleton University,Canal Building,3,B3,2026-04-01T04:18:58.958361+00:00,0.2720,"{""WAP4"": -63.5, ""WAP10"": -58.0, ""WAP1"": -61.5, ""WAP6"": -57.5}",3.1500,5.7900,95
1b28b948-3d3d-48fd-8d00-3fd8ea604632,Tag2,Carleton University,Canal Building,3,C5,2026-04-01T04:20:27.508218+00:00,0.2340,"{""WAP4"": -58.5, ""WAP10"": -60.5, ""WAP1"": -62.0, ""WAP6"": -61.5}",4.6400,9.4400,97
2c2c6122-f3d4-4bda-8175-b08a8e315383,Tag3,Carleton University,Canal Building,3,B3,2026-04-01T04:20:27.508218+00:00,0.2800,"{""WAP4"": -61.0, ""WAP10"": -52.5, ""WAP1"": -62.5, ""WAP6"": -55.5}",2.1000,4.9900,97
47b915f3-ccb3-423b-9494-6d51b53b8b81,Tag2,Carleton University,Canal Building,3,C5,2026-04-01T04:20:27.508218+00:00,0.2340,"{""WAP4"": -58.5, ""WAP10"": -60.5, ""WAP1"": -62.0, ""WAP6"": -61.5}",4.6400,9.4400,97
eaaabbcf-73ff-4adb-9a51-4ba680631e68,Tag1,Carleton University,Canal Building,3,B4,2026-04-01T04:20:27.508218+00:00,0.2920,"{""WAP4"": -67.5, ""WAP10"": -57.5, ""WAP1"": -62.5, ""WAP6"": -61.0}",2.9200,6.4700,97
e94f1f7d-f4c3-43ef-9e25-152d656d49c4,Tag2,Carleton University,Canal Building,3,C5,2026-04-01T04:22:18.858486+00:00,0.2380,"{""WAP4"": -59.0, ""WAP10"": -62.0, ""WAP1"": -62.666666666666664, ""WAP6"": -60.0}",4.1600,9.6500,100
ee8d0add-6be9-4941-8068-7b04d930e755,Tag3,Carleton University,Canal Building,3,B3,2026-04-01T04:22:18.858486+00:00,0.2730,"{""WAP4"": -61.666666666666664, ""WAP10"": -53.0, ""WAP1"": -63.0, ""WAP6"": -57.0}",2.5900,5.5500,100
8eeb63d5-cc42-4298-a466-2a5759fcb58d,Tag2,Carleton University,Canal Building,3,C5,2026-04-01T04:22:18.858486+00:00,0.2380,"{""WAP4"": -59.0, ""WAP10"": -62.0, ""WAP1"": -62.666666666666664, ""WAP6"": -60.0}",4.1600,9.6500,100
669c8bc2-4fc2-42ed-9a06-742543322341,Tag1,Carleton University,Canal Building,3,A3,2026-04-01T04:22:18.858486+00:00,0.1320,"{""WAP4"": -76.33333333333333, ""WAP10"": -66.33333333333333, ""WAP1"": -72.66666666666667, ""WAP6"": -69.0}",0.7100,5.3700,100
2ec43033-19c6-46a3-aa12-b89ae6ce9b2f,Tag2,Carleton University,Canal Building,3,C5,2026-04-01T04:23:47.176064+00:00,0.2320,"{""WAP4"": -58.5, ""WAP10"": -61.0, ""WAP1"": -63.0, ""WAP6"": -60.0}",4.1200,9.3300,102
9ba7ef7e-25c1-4e29-a086-be8606e1d8be,Tag3,Carleton University,Canal Building,3,B3,2026-04-01T04:23:47.176064+00:00,0.2760,"{""WAP4"": -61.0, ""WAP10"": -51.0, ""WAP1"": -63.5, ""WAP6"": -55.0}",1.7500,5.2400,102
30e74451-0f24-4044-aafb-a1cfbd7b48fc,Tag2,Carleton University,Canal Building,3,C5,2026-04-01T04:23:47.176064+00:00,0.2320,"{""WAP4"": -58.5, ""WAP10"": -61.0, ""WAP1"": -63.0, ""WAP6"": -60.0}",4.1200,9.3300,102
2f0b0570-10ae-45ee-8d85-c8f038c39073,Tag1,Carleton University,Canal Building,3,B5,2026-04-01T04:23:47.176064+00:00,0.2700,"{""WAP4"": -66.5, ""WAP10"": -59.5, ""WAP1"": -66.0, ""WAP6"": -64.0}",3.3000,8.7300,102
f0c81a7b-08e9-4d1c-a1cf-bab4a972351c,Tag2,Carleton University,Canal Building,3,C5,2026-04-01T04:25:37.830917+00:00,0.2410,"{""WAP4"": -59.333333333333336, ""WAP10"": -61.0, ""WAP1"": -62.0, ""WAP6"": -60.666666666666664}",4.3400,9.3300,105
9511c4f6-d0b4-45b8-b69a-9607cfea52cb,Tag3,Carleton University,Canal Building,3,B3,2026-04-01T04:25:37.830917+00:00,0.2850,"{""WAP4"": -60.666666666666664, ""WAP10"": -52.333333333333336, ""WAP1"": -61.333333333333336, ""WAP6"": -56.333333333333336}",2.4200,5.0100,105
fcc9c4b6-c73e-4a1b-b0da-406c02c5d1e5,Tag2,Carleton University,Canal Building,3,C5,2026-04-01T04:25:37.830917+00:00,0.2410,"{""WAP4"": -59.333333333333336, ""WAP10"": -61.0, ""WAP1"": -62.0, ""WAP6"": -60.666666666666664}",4.3400,9.3300,105
c596e0c7-ce92-4545-b32f-494da4011fb2,Tag1,Carleton University,Canal Building,3,B6,2026-04-01T04:25:37.830917+00:00,0.2220,"{""WAP4"": -67.33333333333333, ""WAP10"": -66.33333333333333, ""WAP1"": -68.0, ""WAP6"": -62.0}",2.0500,10.5200,105
f0a861ff-df4d-40b1-9f0c-e714d53248fb,Tag2,Carleton University,Canal Building,3,C5,2026-04-01T04:27:28.645612+00:00,0.2340,"{""WAP4"": -58.666666666666664, ""WAP10"": -60.0, ""WAP1"": -61.666666666666664, ""WAP6"": -63.0}",5.0100,9.4400,108
e5024f1d-0218-4366-86b6-e124abf50bdb,Tag3,Carleton University,Canal Building,3,B3,2026-04-01T04:27:28.645612+00:00,0.2910,"{""WAP4"": -60.666666666666664, ""WAP10"": -53.333333333333336, ""WAP1"": -58.666666666666664, ""WAP6"": -56.333333333333336}",2.9700,4.0600,108
2855e449-89f5-41c7-87fc-3564868fba1a,Tag2,Carleton University,Canal Building,3,C5,2026-04-01T04:27:28.645612+00:00,0.2340,"{""WAP4"": -58.666666666666664, ""WAP10"": -60.0, ""WAP1"": -61.666666666666664, ""WAP6"": -63.0}",5.0100,9.4400,108
4e1056de-953a-4a11-862b-3949fd3430a0,Tag1,Carleton University,Canal Building,3,A4,2026-04-01T04:27:28.645612+00:00,0.1410,"{""WAP4"": -76.33333333333333, ""WAP10"": -63.0, ""WAP1"": -71.66666666666667, ""WAP6"": -67.66666666666667}",0.7000,6.1800,108
ac676c40-c9eb-4020-964d-d43299410732,Tag2,Carleton University,Canal Building,3,D5,2026-04-01T04:29:17.290530+00:00,0.2300,"{""WAP4"": -58.0, ""WAP10"": -61.0, ""WAP1"": -61.5, ""WAP6"": -64.0}",5.3100,9.9200,110
70ce852e-cec4-4ad9-8e37-645bda56e2e3,Tag3,Carleton University,Canal Building,3,C4,2026-04-01T04:29:17.290530+00:00,0.2590,"{""WAP4"": -61.5, ""WAP10"": -55.0, ""WAP1"": -62.0, ""WAP6"": -63.0}",4.6000,7.4400,110
ac4a4926-cb63-47f1-a3f8-c37b313b918c,Tag2,Carleton University,Canal Building,3,D5,2026-04-01T04:29:17.290530+00:00,0.2300,"{""WAP4"": -58.0, ""WAP10"": -61.0, ""WAP1"": -61.5, ""WAP6"": -64.0}",5.3100,9.9200,110
5faeb125-a459-4c30-8f02-40d19e62a332,Tag2,Carleton University,Canal Building,3,C6,2026-04-01T04:30:40.382286+00:00,0.2370,"{""WAP4"": -59.0, ""WAP10"": -62.5, ""WAP1"": -62.0, ""WAP6"": -64.0}",5.0800,10.2500,112
8e5fa6c5-cbe3-491c-ae95-4c89b7af47fe,Tag3,Carleton University,Canal Building,3,C5,2026-04-01T04:30:40.382286+00:00,0.2510,"{""WAP4"": -62.5, ""WAP10"": -56.0, ""WAP1"": -65.5, ""WAP6"": -62.5}",4.1300,8.1600,112
4f3d50b2-c7e7-48ab-9356-10356a8f703c,Tag2,Carleton University,Canal Building,3,C6,2026-04-01T04:30:40.382286+00:00,0.2370,"{""WAP4"": -59.0, ""WAP10"": -62.5, ""WAP1"": -62.0, ""WAP6"": -64.0}",5.0800,10.2500,112
45454faa-d6c0-4f4a-8d29-f7b688597d47,Tag2,Carleton University,Canal Building,3,D5,2026-04-01T04:32:24.208651+00:00,0.2280,"{""WAP4"": -58.5, ""WAP10"": -59.5, ""WAP1"": -62.5, ""WAP6"": -64.5}",5.2800,9.2600,114
d12c8bd3-09f6-452a-b8f8-471e8092c1d1,Tag3,Carleton University,Canal Building,3,B4,2026-04-01T04:32:24.208651+00:00,0.2630,"{""WAP4"": -63.5, ""WAP10"": -56.5, ""WAP1"": -64.5, ""WAP6"": -60.0}",3.4000,7.3400,114
6b11cc7e-2f57-4221-bb8c-5c2abfe61711,Tag2,Carleton University,Canal Building,3,D5,2026-04-01T04:32:24.208651+00:00,0.2280,"{""WAP4"": -58.5, ""WAP10"": -59.5, ""WAP1"": -62.5, ""WAP6"": -64.5}",5.2800,9.2600,114
d0344ac4-4a57-452a-9c4f-30dbab1859c3,Tag2,Carleton University,Canal Building,3,C6,2026-04-01T04:33:46.741564+00:00,0.2340,"{""WAP4"": -59.0, ""WAP10"": -62.5, ""WAP1"": -63.0, ""WAP6"": -63.5}",4.9300,10.1700,116
e5c81663-a9e3-42c6-9848-b1316c59e25f,Tag3,Carleton University,Canal Building,3,B4,2026-04-01T04:33:46.741564+00:00,0.2540,"{""WAP4"": -62.5, ""WAP10"": -55.5, ""WAP1"": -65.0, ""WAP6"": -58.0}",2.8500,6.7600,116
1899f3b6-586c-4b7b-8fd4-0f56bb3235b5,Tag2,Carleton University,Canal Building,3,C6,2026-04-01T04:33:46.741564+00:00,0.2340,"{""WAP4"": -59.0, ""WAP10"": -62.5, ""WAP1"": -63.0, ""WAP6"": -63.5}",4.9300,10.1700,116
669dfeba-6ac1-43e2-b9a1-40da8c55216c,Tag2,Carleton University,Canal Building,3,C5,2026-04-01T04:35:11.963435+00:00,0.2350,"{""WAP4"": -59.0, ""WAP10"": -60.0, ""WAP1"": -62.0, ""WAP6"": -64.0}",5.1500,9.4100,118
6453e2a8-18d1-4853-b8a5-dfba75456472,Tag3,Carleton University,Canal Building,3,B4,2026-04-01T04:35:11.963435+00:00,0.2500,"{""WAP4"": -63.0, ""WAP10"": -54.0, ""WAP1"": -66.0, ""WAP6"": -59.0}",3.0200,7.1100,118
47afd0da-7e2d-40b2-b135-808cb8cc7d7f,Tag2,Carleton University,Canal Building,3,C5,2026-04-01T04:35:11.963435+00:00,0.2350,"{""WAP4"": -59.0, ""WAP10"": -60.0, ""WAP1"": -62.0, ""WAP6"": -64.0}",5.1500,9.4100,118
e61b7c5a-5fbf-47d3-adec-ee8f8a1432c9,Tag3,Carleton University,Canal Building,3,C4,2026-04-01T04:36:34.581552+00:00,0.2490,"{""WAP4"": -63.0, ""WAP10"": -55.0, ""WAP1"": -66.0, ""WAP6"": -61.0}",3.6200,7.8100,120
c673c554-1a0a-4779-b4f0-d8135da5fca7,Tag2,Carleton University,Canal Building,3,C4,2026-04-01T19:13:03.380212+00:00,0.2870,"{""WAP6"": -63.0, ""WAP4"": -63.5, ""WAP1"": -56.5, ""WAP10"": -57.0}",4.7100,6.3200,2
0d5d2cf8-2418-41ac-9f55-a5e5d3c59f06,Tag2,Carleton University,Canal Building,3,C4,2026-04-01T19:13:03.380212+00:00,0.2870,"{""WAP6"": -63.0, ""WAP4"": -63.5, ""WAP1"": -56.5, ""WAP10"": -57.0}",4.7100,6.3200,2
00a1d749-9d72-4f82-963a-2fde2283d9ca,Tag2,Carleton University,Canal Building,3,C4,2026-04-01T19:14:24.832795+00:00,0.2820,"{""WAP6"": -60.5, ""WAP4"": -61.5, ""WAP1"": -55.5, ""WAP10"": -57.0}",4.8700,6.1300,4
8685a42f-4209-4cf8-94b6-8b63720f8a55,Tag2,Carleton University,Canal Building,3,C4,2026-04-01T19:14:24.832795+00:00,0.2820,"{""WAP6"": -60.5, ""WAP4"": -61.5, ""WAP1"": -55.5, ""WAP10"": -57.0}",4.8700,6.1300,4
42e3311f-8dc7-46d1-b9fc-783ea7081a16,Tag2,Carleton University,Canal Building,3,C3,2026-04-01T19:16:08.721492+00:00,0.2850,"{""WAP6"": -61.0, ""WAP4"": -62.666666666666664, ""WAP1"": -55.333333333333336, ""WAP10"": -56.666666666666664}",4.7400,5.5700,7
15cb184b-9510-44f6-a1fd-2e2576df5ea5,Tag2,Carleton University,Canal Building,3,C3,2026-04-01T19:16:08.721492+00:00,0.2850,"{""WAP6"": -61.0, ""WAP4"": -62.666666666666664, ""WAP1"": -55.333333333333336, ""WAP10"": -56.666666666666664}",4.7400,5.5700,7
8ec62237-f9b4-4b45-b813-e79282cb908c,Tag2,Carleton University,Canal Building,3,B5,2026-04-01T19:33:27.520637+00:00,0.2550,"{""WAP1"": -66.0, ""WAP6"": -60.0, ""WAP10"": -62.0, ""WAP4"": -67.0}",2.3500,8.7300,1
ac9684c2-57e3-4d00-8865-32148537d9bd,Tag2,Carleton University,Canal Building,3,B5,2026-04-01T19:33:27.520637+00:00,0.2550,"{""WAP1"": -66.0, ""WAP6"": -60.0, ""WAP10"": -62.0, ""WAP4"": -67.0}",2.3500,8.7300,1
db44b08a-bb5e-4eee-a9be-597292f8e399,Tag2,Carleton University,Canal Building,3,A3,2026-04-01T19:34:49.980961+00:00,0.2770,"{""WAP1"": -68.0, ""WAP6"": -53.0, ""WAP10"": -53.0, ""WAP4"": -70.0}",1.4500,4.3400,3
1e87cb00-0315-4fbb-be2b-91096f4b29fc,Tag2,Carleton University,Canal Building,3,A3,2026-04-01T19:34:49.980961+00:00,0.2770,"{""WAP1"": -68.0, ""WAP6"": -53.0, ""WAP10"": -53.0, ""WAP4"": -70.0}",1.4500,4.3400,3
8030b133-ce67-4742-9e29-48f03f812634,Tag2,Carleton University,Canal Building,3,A3,2026-04-01T19:36:54.398301+00:00,0.2800,"{""WAP1"": -67.0, ""WAP6"": -54.666666666666664, ""WAP10"": -54.666666666666664, ""WAP4"": -70.66666666666667}",1.4600,4.6500,6
c8edda13-45c1-4ffd-a74c-1079e5211aa2,Tag2,Carleton University,Canal Building,3,A3,2026-04-01T19:36:54.398301+00:00,0.2800,"{""WAP1"": -67.0, ""WAP6"": -54.666666666666664, ""WAP10"": -54.666666666666664, ""WAP4"": -70.66666666666667}",1.4600,4.6500,6
279bba5e-a653-42df-ac62-08ee7c0fa9b6,Tag2,Carleton University,Canal Building,3,B2,2026-04-01T19:38:13.249091+00:00,0.2670,"{""WAP1"": -62.0, ""WAP6"": -56.0, ""WAP10"": -57.0, ""WAP4"": -69.5}",2.2500,3.6200,8
a9ff8d13-b96a-4338-b81f-5a9cc27be47c,Tag2,Carleton University,Canal Building,3,B2,2026-04-01T19:38:13.249091+00:00,0.2670,"{""WAP1"": -62.0, ""WAP6"": -56.0, ""WAP10"": -57.0, ""WAP4"": -69.5}",2.2500,3.6200,8
14db8eae-4d56-4426-a0cf-9e7c0372fe97,Tag2,Carleton University,Canal Building,3,B3,2026-04-01T19:39:31.977245+00:00,0.2710,"{""WAP1"": -64.0, ""WAP6"": -53.5, ""WAP10"": -58.5, ""WAP4"": -67.5}",1.9800,4.5500,10
708c9243-49db-4b1e-9f8d-633d2addc743,Tag2,Carleton University,Canal Building,3,B3,2026-04-01T19:39:31.977245+00:00,0.2710,"{""WAP1"": -64.0, ""WAP6"": -53.5, ""WAP10"": -58.5, ""WAP4"": -67.5}",1.9800,4.5500,10
0d9452c2-7b53-476c-84e1-53bb2ddee05b,Tag2,Carleton University,Canal Building,3,B4,2026-04-01T19:42:37.013005+00:00,0.2670,"{""WAP1"": -67.0, ""WAP4"": -69.0, ""WAP6"": -61.0, ""WAP10"": -57.0}",2.5800,7.2200,2
cea70cee-1729-4f0b-9556-f2c853bb72ba,Tag2,Carleton University,Canal Building,3,B4,2026-04-01T19:42:37.013005+00:00,0.2670,"{""WAP1"": -67.0, ""WAP4"": -69.0, ""WAP6"": -61.0, ""WAP10"": -57.0}",2.5800,7.2200,2
9942beb9-b4dd-4293-8794-5773071e8f10,Tag2,Carleton University,Canal Building,3,B3,2026-04-01T19:43:56.939031+00:00,0.2510,"{""WAP1"": -69.5, ""WAP4"": -70.0, ""WAP6"": -57.5, ""WAP10"": -54.0}",2.1400,5.8700,4
cb29ebe3-214b-474e-9b15-131550d1976e,Tag2,Carleton University,Canal Building,3,B3,2026-04-01T19:43:56.939031+00:00,0.2510,"{""WAP1"": -69.5, ""WAP4"": -70.0, ""WAP6"": -57.5, ""WAP10"": -54.0}",2.1400,5.8700,4
f9e6df2d-f881-44ff-877d-76c7d97a982e,Tag2,Carleton University,Canal Building,3,B3,2026-04-01T19:45:39.043097+00:00,0.2890,"{""WAP1"": -66.33333333333333, ""WAP4"": -68.66666666666667, ""WAP6"": -55.0, ""WAP10"": -55.333333333333336}",1.9500,4.7600,7
034a5d9c-835f-4779-86a1-3ebcce2be339,Tag2,Carleton University,Canal Building,3,B3,2026-04-01T19:45:39.043097+00:00,0.2890,"{""WAP1"": -66.33333333333333, ""WAP4"": -68.66666666666667, ""WAP6"": -55.0, ""WAP10"": -55.333333333333336}",1.9500,4.7600,7
0661f8fb-cc71-461b-a099-e49f30e7ca12,Tag2,Carleton University,Canal Building,3,B3,2026-04-01T19:46:58.342800+00:00,0.2840,"{""WAP1"": -65.0, ""WAP4"": -64.0, ""WAP6"": -56.0, ""WAP10"": -56.0}",2.4000,5.6800,9
a46f52f9-94c0-4b2a-bdf5-6ee8c863eaba,Tag2,Carleton University,Canal Building,3,B3,2026-04-01T19:46:58.342800+00:00,0.2840,"{""WAP1"": -65.0, ""WAP4"": -64.0, ""WAP6"": -56.0, ""WAP10"": -56.0}",2.4000,5.6800,9
b960718c-1ede-4684-a021-1aea72b132d6,Tag2,Carleton University,Canal Building,3,B4,2026-04-01T21:22:31.889944+00:00,0.3000,"{""WAP4"": -65.0, ""WAP10"": -48.5, ""WAP1"": -62.5, ""WAP6"": -59.5}",3.0500,6.3300,2
5e3b2bee-321a-4208-976a-d149e066f30b,Tag2,Carleton University,Canal Building,3,B4,2026-04-01T21:22:31.889944+00:00,0.3000,"{""WAP4"": -65.0, ""WAP10"": -48.5, ""WAP1"": -62.5, ""WAP6"": -59.5}",3.0500,6.3300,2
415730e7-31d5-4e77-a0a2-2446e946708d,Tag2,Carleton University,Canal Building,3,B3,2026-04-01T21:23:52.446713+00:00,0.2980,"{""WAP4"": -65.5, ""WAP10"": -49.0, ""WAP1"": -63.0, ""WAP6"": -58.0}",2.6900,5.8100,4
631cf652-33a9-40a8-acff-0ae7e5ce49fa,Tag2,Carleton University,Canal Building,3,B3,2026-04-01T21:23:52.446713+00:00,0.2980,"{""WAP4"": -65.5, ""WAP10"": -49.0, ""WAP1"": -63.0, ""WAP6"": -58.0}",2.6900,5.8100,4
ea083313-5e24-4e89-9656-0e733fcbbdf6,Tag2,Carleton University,Canal Building,3,B3,2026-04-01T21:25:33.893955+00:00,0.2840,"{""WAP4"": -65.66666666666667, ""WAP10"": -48.666666666666664, ""WAP1"": -64.66666666666667, ""WAP6"": -55.333333333333336}",2.2200,5.5300,7
7a72a7d3-e8ad-4fd3-8620-a781cb8b841b,Tag2,Carleton University,Canal Building,3,B3,2026-04-01T21:25:33.893955+00:00,0.2840,"{""WAP4"": -65.66666666666667, ""WAP10"": -48.666666666666664, ""WAP1"": -64.66666666666667, ""WAP6"": -55.333333333333336}",2.2200,5.5300,7
9487cc9c-a668-4a13-bb9b-7a52b8468722,Tag2,Carleton University,Canal Building,3,B3,2026-04-01T21:27:15.329735+00:00,0.2980,"{""WAP4"": -64.66666666666667, ""WAP10"": -49.0, ""WAP1"": -61.666666666666664, ""WAP6"": -59.333333333333336}",3.0600,5.8400,10
02a74dc8-6863-4694-bd20-cb1aaeb554eb,Tag2,Carleton University,Canal Building,3,B3,2026-04-01T21:27:15.329735+00:00,0.2980,"{""WAP4"": -64.66666666666667, ""WAP10"": -49.0, ""WAP1"": -61.666666666666664, ""WAP6"": -59.333333333333336}",3.0600,5.8400,10
71937f11-2e4c-4d3d-b504-bd9b4dd8474f,Tag2,Carleton University,Canal Building,3,B3,2026-04-01T21:28:33.723463+00:00,0.2970,"{""WAP4"": -66.0, ""WAP10"": -51.0, ""WAP1"": -60.5, ""WAP6"": -60.5}",3.3500,4.9700,12
a04053b1-e8df-4eb2-9588-a1d17d9bb1c6,Tag2,Carleton University,Canal Building,3,B3,2026-04-01T21:28:33.723463+00:00,0.2970,"{""WAP4"": -66.0, ""WAP10"": -51.0, ""WAP1"": -60.5, ""WAP6"": -60.5}",3.3500,4.9700,12
44b59318-01f7-454f-b0e8-4a1f9ac9a71e,Tag2,Carleton University,Canal Building,3,B3,2026-04-01T21:30:15.731704+00:00,0.2890,"{""WAP4"": -66.0, ""WAP10"": -48.0, ""WAP1"": -59.0, ""WAP6"": -58.0}",2.6400,4.4300,15
85dd2e58-14a6-488f-9501-c19a0ddfe1e7,Tag2,Carleton University,Canal Building,3,B3,2026-04-01T21:30:15.731704+00:00,0.2890,"{""WAP4"": -66.0, ""WAP10"": -48.0, ""WAP1"": -59.0, ""WAP6"": -58.0}",2.6400,4.4300,15
8590a64a-de61-4603-8c15-f93d7237ebb3,Tag2,Carleton University,Canal Building,3,B3,2026-04-01T21:31:34.214129+00:00,0.2910,"{""WAP4"": -65.5, ""WAP10"": -48.5, ""WAP1"": -60.0, ""WAP6"": -60.5}",3.2200,5.5900,17
1016ca41-b1c7-44bb-8797-cf3d39f093a6,Tag2,Carleton University,Canal Building,3,B3,2026-04-01T21:31:34.214129+00:00,0.2910,"{""WAP4"": -65.5, ""WAP10"": -48.5, ""WAP1"": -60.0, ""WAP6"": -60.5}",3.2200,5.5900,17
d1ccacfd-7385-429d-9fab-c0857ddf6f74,Tag2,Carleton University,Canal Building,3,B3,2026-04-01T21:33:16.398567+00:00,0.2830,"{""WAP4"": -65.66666666666667, ""WAP10"": -47.666666666666664, ""WAP1"": -59.0, ""WAP6"": -61.333333333333336}",3.2700,5.7500,20
db463748-7db2-44a6-a77a-2f8f72caf319,Tag2,Carleton University,Canal Building,3,B3,2026-04-01T21:33:16.398567+00:00,0.2830,"{""WAP4"": -65.66666666666667, ""WAP10"": -47.666666666666664, ""WAP1"": -59.0, ""WAP6"": -61.333333333333336}",3.2700,5.7500,20
863be940-ba1f-4b42-ae1d-ec52473053c3,Tag2,Carleton University,Canal Building,3,B3,2026-04-01T21:35:28.272253+00:00,0.2970,"{""WAP4"": -65.5, ""WAP10"": -48.5, ""WAP1"": -61.5, ""WAP6"": -59.5}",3.0500,5.8300,22
f7f2f75c-a02b-4fd8-8a02-18ff06e61880,Tag2,Carleton University,Canal Building,3,B3,2026-04-01T21:35:28.272253+00:00,0.2970,"{""WAP4"": -65.5, ""WAP10"": -48.5, ""WAP1"": -61.5, ""WAP6"": -59.5}",3.0500,5.8300,22
81788317-1fa6-48a1-8e59-388b7e80e44a,Tag2,Carleton University,Canal Building,3,B3,2026-04-01T21:36:47.567299+00:00,0.2940,"{""WAP4"": -65.5, ""WAP10"": -47.5, ""WAP1"": -60.5, ""WAP6"": -59.0}",2.8800,5.6400,24
6b9953d4-158c-4ebf-980d-80c5eb9a4faa,Tag2,Carleton University,Canal Building,3,B3,2026-04-01T21:36:47.567299+00:00,0.2940,"{""WAP4"": -65.5, ""WAP10"": -47.5, ""WAP1"": -60.5, ""WAP6"": -59.0}",2.8800,5.6400,24
fbf009d3-6ca2-4f86-b0e1-4b748ca40820,Tag2,Carleton University,Canal Building,3,B4,2026-04-01T21:38:29.494534+00:00,0.2970,"{""WAP4"": -65.0, ""WAP10"": -48.666666666666664, ""WAP1"": -61.0, ""WAP6"": -60.666666666666664}",3.4300,6.1500,27
afcdbbb1-0e21-40f3-80fa-0ed45a30de85,Tag2,Carleton University,Canal Building,3,B4,2026-04-01T21:38:29.494534+00:00,0.2970,"{""WAP4"": -65.0, ""WAP10"": -48.666666666666664, ""WAP1"": -61.0, ""WAP6"": -60.666666666666664}",3.4300,6.1500,27
2c2436d7-9b7c-43a2-9726-88792731d3f7,Tag2,Carleton University,Canal Building,3,B4,2026-04-01T21:40:11.397025+00:00,0.2920,"{""WAP4"": -65.0, ""WAP10"": -47.0, ""WAP1"": -60.0, ""WAP6"": -61.0}",3.3500,6.5500,29
80e46fa7-b6ea-4482-90ac-3581a8971b5a,Tag2,Carleton University,Canal Building,3,B4,2026-04-01T21:40:11.397025+00:00,0.2920,"{""WAP4"": -65.0, ""WAP10"": -47.0, ""WAP1"": -60.0, ""WAP6"": -61.0}",3.3500,6.5500,29
8367bcd0-b45e-40ae-96e6-4a2128b3376e,Tag2,Carleton University,Canal Building,3,C4,2026-04-01T21:41:30.389335+00:00,0.2620,"{""WAP4"": -63.0, ""WAP10"": -54.5, ""WAP1"": -66.0, ""WAP6"": -61.5}",3.7700,7.6900,31
9d5baf38-a03b-472f-a174-755031847937,Tag2,Carleton University,Canal Building,3,C4,2026-04-01T21:41:30.389335+00:00,0.2620,"{""WAP4"": -63.0, ""WAP10"": -54.5, ""WAP1"": -66.0, ""WAP6"": -61.5}",3.7700,7.6900,31
6d842f91-f0dc-4765-9f69-09f564b8dda1,Tag2,Carleton University,Canal Building,3,C4,2026-04-01T21:43:12.038360+00:00,0.2530,"{""WAP4"": -62.0, ""WAP10"": -55.333333333333336, ""WAP1"": -66.0, ""WAP6"": -60.333333333333336}",3.4900,7.8100,34
af928c6d-90da-4d5e-b608-dd1297593d5d,Tag2,Carleton University,Canal Building,3,C4,2026-04-01T21:43:12.038360+00:00,0.2530,"{""WAP4"": -62.0, ""WAP10"": -55.333333333333336, ""WAP1"": -66.0, ""WAP6"": -60.333333333333336}",3.4900,7.8100,34
6eede2c1-db08-4bd9-b9a6-abcc7ee37619,Tag2,Carleton University,Canal Building,3,B3,2026-04-01T21:44:30.555225+00:00,0.2860,"{""WAP4"": -67.0, ""WAP10"": -57.5, ""WAP1"": -62.0, ""WAP6"": -58.5}",2.8800,5.2000,36
76ac7257-1c37-4f4c-b47f-88d5a4fa90ed,Tag2,Carleton University,Canal Building,3,B3,2026-04-01T21:44:30.555225+00:00,0.2860,"{""WAP4"": -67.0, ""WAP10"": -57.5, ""WAP1"": -62.0, ""WAP6"": -58.5}",2.8800,5.2000,36
6fe0dd58-1a41-4b53-83d5-9f8cbe5a9a15,Tag2,Carleton University,Canal Building,3,C2,2026-04-01T21:46:12.324969+00:00,0.2890,"{""WAP4"": -65.0, ""WAP10"": -55.333333333333336, ""WAP1"": -57.666666666666664, ""WAP6"": -58.666666666666664}",3.8000,3.3800,39
f53b8520-0fb6-4cfa-9d47-bf82101ccf2c,Tag2,Carleton University,Canal Building,3,C2,2026-04-01T21:46:12.324969+00:00,0.2890,"{""WAP4"": -65.0, ""WAP10"": -55.333333333333336, ""WAP1"": -57.666666666666664, ""WAP6"": -58.666666666666664}",3.8000,3.3800,39
bcf3853a-3590-4bb4-9eec-8165762443c7,Tag2,Carleton University,Canal Building,3,C2,2026-04-01T21:47:53.753984+00:00,0.2830,"{""WAP4"": -64.5, ""WAP10"": -57.0, ""WAP1"": -55.5, ""WAP6"": -58.5}",4.1700,3.4700,41
7ea185a6-69c5-4ac7-a255-e59c44294593,Tag2,Carleton University,Canal Building,3,C2,2026-04-01T21:47:53.753984+00:00,0.2830,"{""WAP4"": -64.5, ""WAP10"": -57.0, ""WAP1"": -55.5, ""WAP6"": -58.5}",4.1700,3.4700,41
b3132c63-d822-40e2-a813-0e0f94b80ed9,Tag2,Carleton University,Canal Building,3,C3,2026-04-01T21:49:12.931079+00:00,0.2820,"{""WAP4"": -64.5, ""WAP10"": -57.5, ""WAP1"": -56.5, ""WAP6"": -60.0}",4.2900,4.7400,43
67d7baf4-a3af-4229-b1d3-38783794e15e,Tag2,Carleton University,Canal Building,3,C3,2026-04-01T21:49:12.931079+00:00,0.2820,"{""WAP4"": -64.5, ""WAP10"": -57.5, ""WAP1"": -56.5, ""WAP6"": -60.0}",4.2900,4.7400,43
6bbad624-06f9-436d-8060-3ea4848d10f6,Tag2,Carleton University,Canal Building,3,C3,2026-04-01T21:50:54.630066+00:00,0.2820,"{""WAP4"": -64.0, ""WAP10"": -57.333333333333336, ""WAP1"": -56.333333333333336, ""WAP6"": -59.666666666666664}",4.4000,4.6600,46
cc935c30-65e8-4232-9178-57f8972f90e4,Tag2,Carleton University,Canal Building,3,C3,2026-04-01T21:50:54.630066+00:00,0.2820,"{""WAP4"": -64.0, ""WAP10"": -57.333333333333336, ""WAP1"": -56.333333333333336, ""WAP6"": -59.666666666666664}",4.4000,4.6600,46
c4c7b932-da4f-4bae-b820-3aa97af4c7ff,Tag2,Carleton University,Canal Building,3,C4,2026-04-01T21:52:12.969811+00:00,0.2760,"{""WAP4"": -66.0, ""WAP10"": -58.0, ""WAP1"": -56.5, ""WAP6"": -64.0}",4.1500,6.3800,48
45604831-9f0e-477e-8366-2cafa6d5ebf2,Tag2,Carleton University,Canal Building,3,C4,2026-04-01T21:52:12.969811+00:00,0.2760,"{""WAP4"": -66.0, ""WAP10"": -58.0, ""WAP1"": -56.5, ""WAP6"": -64.0}",4.1500,6.3800,48
aff96e58-7c9b-43f1-b780-5d5043ee7921,Tag2,Carleton University,Canal Building,3,C3,2026-04-01T21:53:54.696081+00:00,0.2850,"{""WAP4"": -65.0, ""WAP10"": -57.0, ""WAP1"": -56.666666666666664, ""WAP6"": -60.333333333333336}",4.1900,4.4900,51
ff719a99-fcd0-48f3-a0e3-74303812a953,Tag2,Carleton University,Canal Building,3,C3,2026-04-01T21:53:54.696081+00:00,0.2850,"{""WAP4"": -65.0, ""WAP10"": -57.0, ""WAP1"": -56.666666666666664, ""WAP6"": -60.333333333333336}",4.1900,4.4900,51
e3add699-929e-4c71-bcbb-116522b1b837,Tag2,Carleton University,Canal Building,3,C3,2026-04-01T21:55:13.355449+00:00,0.2890,"{""WAP4"": -65.0, ""WAP10"": -56.0, ""WAP1"": -57.0, ""WAP6"": -61.0}",4.2700,4.4800,53
4e0d31d0-d72d-4dc3-bc95-f2f0439b903d,Tag2,Carleton University,Canal Building,3,C3,2026-04-01T21:55:13.355449+00:00,0.2890,"{""WAP4"": -65.0, ""WAP10"": -56.0, ""WAP1"": -57.0, ""WAP6"": -61.0}",4.2700,4.4800,53
26ac44c2-82f6-474c-b02b-dabdb871bd5d,Tag2,Carleton University,Canal Building,3,C2,2026-04-01T21:56:32.287463+00:00,0.2950,"{""WAP4"": -65.0, ""WAP10"": -53.5, ""WAP1"": -57.0, ""WAP6"": -60.5}",4.1000,3.5900,55
9adc2983-1851-44a6-88ee-d5760e1dd565,Tag2,Carleton University,Canal Building,3,C2,2026-04-01T21:56:32.287463+00:00,0.2950,"{""WAP4"": -65.0, ""WAP10"": -53.5, ""WAP1"": -57.0, ""WAP6"": -60.5}",4.1000,3.5900,55
2d248178-ea18-41bf-88a5-f35eb3e4efd1,Tag2,Carleton University,Canal Building,3,C2,2026-04-01T21:57:50.794047+00:00,0.2930,"{""WAP4"": -65.0, ""WAP10"": -55.0, ""WAP1"": -56.0, ""WAP6"": -61.0}",4.3200,3.8200,57
02f79cad-d2cf-4fd8-9b19-3b4b23ee2833,Tag2,Carleton University,Canal Building,3,C2,2026-04-01T21:57:50.794047+00:00,0.2930,"{""WAP4"": -65.0, ""WAP10"": -55.0, ""WAP1"": -56.0, ""WAP6"": -61.0}",4.3200,3.8200,57
4f330d57-fff6-4176-8ea0-4a9af90d9883,Tag2,Carleton University,Canal Building,3,C1,2026-04-01T21:59:33.030841+00:00,0.2910,"{""WAP4"": -65.0, ""WAP10"": -54.333333333333336, ""WAP1"": -56.333333333333336, ""WAP6"": -56.666666666666664}",3.5700,1.8000,60
4d3b7f1d-54d0-4d63-9c8d-ecf8c7f3f6aa,Tag2,Carleton University,Canal Building,3,C1,2026-04-01T21:59:33.030841+00:00,0.2910,"{""WAP4"": -65.0, ""WAP10"": -54.333333333333336, ""WAP1"": -56.333333333333336, ""WAP6"": -56.666666666666664}",3.5700,1.8000,60
8e7d1ef5-2ff2-49dc-9fb3-876bc30805f2,Tag2,Carleton University,Canal Building,3,C3,2026-04-01T22:00:51.912789+00:00,0.2920,"{""WAP4"": -64.5, ""WAP10"": -54.5, ""WAP1"": -55.5, ""WAP6"": -62.0}",4.6100,4.2200,62
8ddfdead-1938-404b-94b5-34c666897c0b,Tag2,Carleton University,Canal Building,3,C3,2026-04-01T22:00:51.912789+00:00,0.2920,"{""WAP4"": -64.5, ""WAP10"": -54.5, ""WAP1"": -55.5, ""WAP6"": -62.0}",4.6100,4.2200,62
43fa9d1a-23c5-4d69-86c5-0c0868f9b3c7,Tag2,Carleton University,Canal Building,3,C1,2026-04-01T22:02:33.345000+00:00,0.2860,"{""WAP4"": -65.33333333333333, ""WAP10"": -55.0, ""WAP1"": -54.333333333333336, ""WAP6"": -57.0}",3.8300,1.3000,65
fd275e40-8102-4d67-be99-42d96712849f,Tag2,Carleton University,Canal Building,3,C1,2026-04-01T22:02:33.345000+00:00,0.2860,"{""WAP4"": -65.33333333333333, ""WAP10"": -55.0, ""WAP1"": -54.333333333333336, ""WAP6"": -57.0}",3.8300,1.3000,65
fff7f51a-42e4-485a-9957-6371283ac259,Tag2,Carleton University,Canal Building,3,C3,2026-04-01T22:03:52.662906+00:00,0.2800,"{""WAP4"": -64.0, ""WAP10"": -57.5, ""WAP1"": -57.0, ""WAP6"": -60.5}",4.4600,5.3300,67
58d46141-36b6-4b0d-ab8c-355322f2a970,Tag2,Carleton University,Canal Building,3,C3,2026-04-01T22:03:52.662906+00:00,0.2800,"{""WAP4"": -64.0, ""WAP10"": -57.5, ""WAP1"": -57.0, ""WAP6"": -60.5}",4.4600,5.3300,67
47ca69c2-2bda-4246-a13b-f0a4189dc6d8,Tag2,Carleton University,Canal Building,3,C3,2026-04-01T22:05:34.576536+00:00,0.2960,"{""WAP4"": -66.33333333333333, ""WAP10"": -51.0, ""WAP1"": -59.0, ""WAP6"": -62.666666666666664}",3.8800,5.3600,70
0ce90f7f-37b4-4426-9e8f-e616125daf1f,Tag2,Carleton University,Canal Building,3,C3,2026-04-01T22:05:34.576536+00:00,0.2960,"{""WAP4"": -66.33333333333333, ""WAP10"": -51.0, ""WAP1"": -59.0, ""WAP6"": -62.666666666666664}",3.8800,5.3600,70
976d02ff-558e-4476-8c49-f4a0b684f737,Tag2,Carleton University,Canal Building,3,B3,2026-04-01T22:07:16.015978+00:00,0.3000,"{""WAP4"": -67.5, ""WAP10"": -52.0, ""WAP1"": -60.0, ""WAP6"": -60.5}",3.1100,4.4200,72
a4d7a9ff-b21c-48e1-b2d6-90f7ab5424f3,Tag2,Carleton University,Canal Building,3,B3,2026-04-01T22:07:16.015978+00:00,0.3000,"{""WAP4"": -67.5, ""WAP10"": -52.0, ""WAP1"": -60.0, ""WAP6"": -60.5}",3.1100,4.4200,72
7ca8bafa-8c1e-40ab-b924-aeb9229c108d,Tag2,Carleton University,Canal Building,3,C3,2026-04-01T22:08:34.392588+00:00,0.2960,"{""WAP4"": -66.5, ""WAP10"": -51.5, ""WAP1"": -59.5, ""WAP6"": -63.5}",4.0000,5.8100,74
71551594-a2d3-4198-b142-d2fddc7e1cf4,Tag2,Carleton University,Canal Building,3,C3,2026-04-01T22:08:34.392588+00:00,0.2960,"{""WAP4"": -66.5, ""WAP10"": -51.5, ""WAP1"": -59.5, ""WAP6"": -63.5}",4.0000,5.8100,74
3537b681-72f6-4cfa-8ed8-69837327aee0,Tag2,Carleton University,Canal Building,3,C3,2026-04-01T22:10:16.092598+00:00,0.2940,"{""WAP4"": -66.66666666666667, ""WAP10"": -51.666666666666664, ""WAP1"": -57.0, ""WAP6"": -62.666666666666664}",3.8800,4.3700,77
02946916-796b-4f96-ac95-7b97a862d72a,Tag2,Carleton University,Canal Building,3,C3,2026-04-01T22:10:16.092598+00:00,0.2940,"{""WAP4"": -66.66666666666667, ""WAP10"": -51.666666666666664, ""WAP1"": -57.0, ""WAP6"": -62.666666666666664}",3.8800,4.3700,77
6626bb01-e9d2-4e40-ac4c-a2c984ba7a6b,Tag2,Carleton University,Canal Building,3,C3,2026-04-01T22:11:35.423450+00:00,0.2970,"{""WAP4"": -66.5, ""WAP10"": -52.0, ""WAP1"": -59.5, ""WAP6"": -63.0}",3.9400,5.5100,79
5afd1e34-aae7-437e-8ae1-3b20bef9fe6a,Tag2,Carleton University,Canal Building,3,C3,2026-04-01T22:11:35.423450+00:00,0.2970,"{""WAP4"": -66.5, ""WAP10"": -52.0, ""WAP1"": -59.5, ""WAP6"": -63.0}",3.9400,5.5100,79
3034a27a-5f57-4ffe-a62d-228efe41539c,Tag2,Carleton University,Canal Building,3,B2,2026-04-01T22:13:16.851753+00:00,0.2960,"{""WAP4"": -69.0, ""WAP10"": -53.0, ""WAP1"": -58.0, ""WAP6"": -61.666666666666664}",2.8800,3.8700,82
6a3fe843-ee23-4e7a-b5e0-561e4102a512,Tag2,Carleton University,Canal Building,3,B2,2026-04-01T22:13:16.851753+00:00,0.2960,"{""WAP4"": -69.0, ""WAP10"": -53.0, ""WAP1"": -58.0, ""WAP6"": -61.666666666666664}",2.8800,3.8700,82
8ac70041-0d6d-43c5-b1be-485a4745ad28,Tag2,Carleton University,Canal Building,3,B3,2026-04-01T22:14:58.264485+00:00,0.2970,"{""WAP4"": -70.0, ""WAP10"": -53.0, ""WAP1"": -59.5, ""WAP6"": -61.5}",2.4200,4.3300,84
74b827d5-092e-4a52-aed4-89afcc7e6866,Tag2,Carleton University,Canal Building,3,B3,2026-04-01T22:14:58.264485+00:00,0.2970,"{""WAP4"": -70.0, ""WAP10"": -53.0, ""WAP1"": -59.5, ""WAP6"": -61.5}",2.4200,4.3300,84
cec7a9ed-602f-4cf6-8865-10272364efb4,Tag2,Carleton University,Canal Building,3,C3,2026-04-01T22:16:16.681622+00:00,0.2820,"{""WAP4"": -68.0, ""WAP10"": -52.5, ""WAP1"": -56.5, ""WAP6"": -64.5}",3.6900,4.9700,86
e225b5dd-7fba-407d-a09e-9105c7a104c8,Tag2,Carleton University,Canal Building,3,C3,2026-04-01T22:16:16.681622+00:00,0.2820,"{""WAP4"": -68.0, ""WAP10"": -52.5, ""WAP1"": -56.5, ""WAP6"": -64.5}",3.6900,4.9700,86
32710c67-dbb0-4726-ba0f-5c9509c8cc75,Tag2,Carleton University,Canal Building,3,C3,2026-04-01T22:17:58.628326+00:00,0.2930,"{""WAP4"": -66.66666666666667, ""WAP10"": -53.333333333333336, ""WAP1"": -57.0, ""WAP6"": -63.0}",4.0100,4.4800,89
88b34103-6b12-40fc-96d6-32f38b5c8c81,Tag2,Carleton University,Canal Building,3,C3,2026-04-01T22:17:58.628326+00:00,0.2930,"{""WAP4"": -66.66666666666667, ""WAP10"": -53.333333333333336, ""WAP1"": -57.0, ""WAP6"": -63.0}",4.0100,4.4800,89
99c0c037-d961-4e36-a151-6d152ce66c5a,Tag2,Carleton University,Canal Building,3,B2,2026-04-01T22:19:17.707285+00:00,0.2950,"{""WAP4"": -68.0, ""WAP10"": -51.5, ""WAP1"": -56.5, ""WAP6"": -61.0}",3.1500,3.1400,91
715e90c7-4ee6-492a-8a8e-c13bca15d994,Tag2,Carleton University,Canal Building,3,B2,2026-04-01T22:19:17.707285+00:00,0.2950,"{""WAP4"": -68.0, ""WAP10"": -51.5, ""WAP1"": -56.5, ""WAP6"": -61.0}",3.1500,3.1400,91
3a77db1c-24c9-4ab7-a2a8-3bcb58d5b952,Tag2,Carleton University,Canal Building,3,B1,2026-04-01T22:20:59.276011+00:00,0.2790,"{""WAP4"": -68.33333333333333, ""WAP10"": -54.0, ""WAP1"": -54.333333333333336, ""WAP6"": -58.333333333333336}",2.9500,0.9400,94
b0542192-8b33-4c84-aa57-73634da0a50f,Tag2,Carleton University,Canal Building,3,B1,2026-04-01T22:20:59.276011+00:00,0.2790,"{""WAP4"": -68.33333333333333, ""WAP10"": -54.0, ""WAP1"": -54.333333333333336, ""WAP6"": -58.333333333333336}",2.9500,0.9400,94
4d7e6076-8b5c-4f2e-ac99-f9b78f8b0a47,Tag2,Carleton University,Canal Building,3,B3,2026-04-01T22:22:18.089905+00:00,0.2890,"{""WAP4"": -70.0, ""WAP10"": -52.5, ""WAP1"": -59.0, ""WAP6"": -64.5}",2.8800,5.6500,96
77107205-f71b-4fad-ab60-2d22454900ec,Tag2,Carleton University,Canal Building,3,B3,2026-04-01T22:22:18.089905+00:00,0.2890,"{""WAP4"": -70.0, ""WAP10"": -52.5, ""WAP1"": -59.0, ""WAP6"": -64.5}",2.8800,5.6500,96
06a25912-d39d-489d-ac35-f3d09b469512,Tag2,Carleton University,Canal Building,3,B2,2026-04-01T22:23:36.498853+00:00,0.2950,"{""WAP4"": -68.0, ""WAP10"": -55.0, ""WAP1"": -58.0, ""WAP6"": -61.0}",3.2000,3.7500,98
5fbcf3c3-7875-47d8-a342-eb1277bb7389,Tag2,Carleton University,Canal Building,3,B2,2026-04-01T22:23:36.498853+00:00,0.2950,"{""WAP4"": -68.0, ""WAP10"": -55.0, ""WAP1"": -58.0, ""WAP6"": -61.0}",3.2000,3.7500,98
30ee2313-0b1f-4f39-8ff5-d2a545b0a904,Tag2,Carleton University,Canal Building,3,B2,2026-04-01T22:24:55.229211+00:00,0.2970,"{""WAP4"": -68.5, ""WAP10"": -53.5, ""WAP1"": -58.0, ""WAP6"": -60.5}",2.9100,3.3100,100
25cd2ab9-c092-4738-a0d4-52ab2b2fd77f,Tag2,Carleton University,Canal Building,3,B2,2026-04-01T22:24:55.229211+00:00,0.2970,"{""WAP4"": -68.5, ""WAP10"": -53.5, ""WAP1"": -58.0, ""WAP6"": -60.5}",2.9100,3.3100,100
b86bc177-d66e-443d-9a44-1c2a5bba3ea0,Tag2,Carleton University,Canal Building,3,B2,2026-04-01T22:26:37.433090+00:00,0.2970,"{""WAP4"": -67.33333333333333, ""WAP10"": -51.333333333333336, ""WAP1"": -57.333333333333336, ""WAP6"": -61.333333333333336}",3.3900,3.7800,103
b6765d63-c50c-40a1-a135-39c9877c7002,Tag2,Carleton University,Canal Building,3,B2,2026-04-01T22:26:37.433090+00:00,0.2970,"{""WAP4"": -67.33333333333333, ""WAP10"": -51.333333333333336, ""WAP1"": -57.333333333333336, ""WAP6"": -61.333333333333336}",3.3900,3.7800,103
032dab95-de54-456f-9737-dcf7cc0bd1ef,Tag2,Carleton University,Canal Building,3,C3,2026-04-01T22:27:56.418775+00:00,0.2960,"{""WAP4"": -65.5, ""WAP10"": -51.5, ""WAP1"": -59.5, ""WAP6"": -60.5}",3.6400,4.6100,105
ddd691b5-e806-4d0c-80ed-5ad98d1cb84a,Tag2,Carleton University,Canal Building,3,C3,2026-04-01T22:27:56.418775+00:00,0.2960,"{""WAP4"": -65.5, ""WAP10"": -51.5, ""WAP1"": -59.5, ""WAP6"": -60.5}",3.6400,4.6100,105
469682da-3e57-4bb6-83b0-7bb85746cb4d,Tag2,Carleton University,Canal Building,3,B2,2026-04-01T22:29:38.422601+00:00,0.2860,"{""WAP4"": -67.33333333333333, ""WAP10"": -56.666666666666664, ""WAP1"": -58.0, ""WAP6"": -59.333333333333336}",3.2000,3.5700,108
7c47fea7-a9fd-4143-99d3-bb9cf1583385,Tag2,Carleton University,Canal Building,3,B2,2026-04-01T22:29:38.422601+00:00,0.2860,"{""WAP4"": -67.33333333333333, ""WAP10"": -56.666666666666664, ""WAP1"": -58.0, ""WAP6"": -59.333333333333336}",3.2000,3.5700,108
8d0813c7-f1d9-4417-9462-cf7bbd3c42c2,Tag2,Carleton University,Canal Building,3,B1,2026-04-01T22:30:57.437469+00:00,0.2910,"{""WAP4"": -67.0, ""WAP10"": -52.0, ""WAP1"": -55.0, ""WAP6"": -57.0}",3.1100,0.7800,110
feabfea8-b817-470f-b28e-b131abb86ac4,Tag2,Carleton University,Canal Building,3,B1,2026-04-01T22:30:57.437469+00:00,0.2910,"{""WAP4"": -67.0, ""WAP10"": -52.0, ""WAP1"": -55.0, ""WAP6"": -57.0}",3.1100,0.7800,110
